{"v":"5.5.7","meta":{"g":"LottieFiles AE 0.1.20","a":"","k":"","d":"","tc":""},"fr":29.9700012207031,"ip":0,"op":199.000008105436,"w":180,"h":180,"nm":"flower","ddd":0,"assets":[],"layers":[{"ddd":0,"ind":1,"ty":4,"nm":"left","sr":1,"ks":{"o":{"a":0,"k":100,"ix":11},"r":{"a":1,"k":[{"i":{"x":[0],"y":[0.999]},"o":{"x":[0.167],"y":[0.167]},"t":0,"s":[45]},{"i":{"x":[0.667],"y":[1]},"o":{"x":[0.167],"y":[0]},"t":53,"s":[0]},{"i":{"x":[0.307],"y":[1.001]},"o":{"x":[0.36],"y":[0.005]},"t":101,"s":[0]},{"t":150.000006109625,"s":[45]}],"ix":10},"p":{"a":0,"k":[87.241,147.048,0],"ix":2},"a":{"a":0,"k":[80.952,81.285,0],"ix":1},"s":{"a":0,"k":[100,100,100],"ix":6}},"ao":0,"shapes":[{"ty":"gr","it":[{"ind":0,"ty":"sh","ix":1,"ks":{"a":0,"k":{"i":[[-13.279,-13.279],[-1.768,-18.583],[-0.063,-1.209],[0,0],[-0.007,-1.251],[0,0],[0,0],[1.273,0.057],[0,0],[1.202,0.127],[13.28,13.28],[1.767,18.583],[0.064,1.209],[0,0],[0,1.259],[0,0],[0,0],[-1.273,-0.057],[0,0],[-1.21,-0.12]],"o":[[13.28,13.28],[0.12,1.209],[0,0],[0.057,1.273],[0,0],[0,0],[-1.259,0],[0,0],[-1.209,-0.063],[-18.583,-1.768],[-13.279,-13.279],[-0.128,-1.203],[0,0],[-0.057,-1.272],[0,0],[0,0],[1.251,0.007],[0,0],[1.209,0.064],[18.582,1.768]],"v":[[16.78,-16.78],[39.995,32.457],[40.262,36.077],[40.276,36.374],[40.368,40.171],[40.368,40.368],[40.172,40.368],[36.366,40.284],[36.069,40.27],[32.449,40.001],[-16.779,16.78],[-40,-32.448],[-40.27,-36.069],[-40.283,-36.366],[-40.368,-40.171],[-40.368,-40.368],[-40.171,-40.368],[-36.373,-40.276],[-36.076,-40.262],[-32.455,-39.993]],"c":true},"ix":2},"nm":"Path 1","mn":"ADBE Vector Shape - Group","hd":false},{"ty":"fl","c":{"a":0,"k":[0,0.2627450980392157,0.40784313725490196,1],"ix":4},"o":{"a":0,"k":100,"ix":5},"r":1,"bm":0,"nm":"Fill 1","mn":"ADBE Vector Graphic - Fill","hd":false},{"ty":"tr","p":{"a":0,"k":[40.618,40.618],"ix":2},"a":{"a":0,"k":[0,0],"ix":1},"s":{"a":0,"k":[100,100],"ix":3},"r":{"a":0,"k":0,"ix":6},"o":{"a":0,"k":100,"ix":7},"sk":{"a":0,"k":0,"ix":4},"sa":{"a":0,"k":0,"ix":5},"nm":"Transform"}],"nm":"Group 1","np":2,"cix":2,"bm":0,"ix":1,"mn":"ADBE Vector Group","hd":false}],"ip":0,"op":199.000008105436,"st":0,"bm":0},{"ddd":0,"ind":2,"ty":4,"nm":"center","sr":1,"ks":{"o":{"a":0,"k":100,"ix":11},"r":{"a":0,"k":0,"ix":10},"p":{"a":0,"k":[87.31,145.58,0],"ix":2},"a":{"a":0,"k":[23.98,113.34,0],"ix":1},"s":{"a":0,"k":[100,100,100],"ix":6}},"ao":0,"shapes":[{"ty":"gr","it":[{"ind":0,"ty":"sh","ix":1,"ks":{"a":0,"k":{"i":[[0,-18.78],[11.89,-14.39],[0.811,-0.9],[0,0],[0.88,-0.89],[0,0],[0,0],[0.86,0.94],[0,0],[0.76,0.94],[0,18.78],[-11.89,14.39],[-0.81,0.9],[0,0],[-0.89,0.89],[0,0],[0,0],[-0.86,-0.94],[0,0],[-0.77,-0.94]],"o":[[0,18.78],[-0.77,0.94],[0,0],[-0.86,0.94],[0,0],[0,0],[-0.89,-0.89],[0,0],[-0.81,-0.9],[-11.89,-14.39],[0,-18.78],[0.76,-0.94],[0,0],[0.86,-0.94],[0,0],[0,0],[0.88,0.89],[0,0],[0.811,0.9],[11.89,14.39]],"v":[[23.73,0],[5.33,51.23],[2.959,53.98],[2.76,54.2],[0.14,56.95],[0,57.09],[-0.14,56.95],[-2.77,54.2],[-2.97,53.98],[-5.34,51.23],[-23.73,0],[-5.34,-51.23],[-2.97,-53.98],[-2.77,-54.2],[-0.14,-56.95],[0,-57.09],[0.14,-56.95],[2.76,-54.2],[2.959,-53.98],[5.33,-51.23]],"c":true},"ix":2},"nm":"Path 1","mn":"ADBE Vector Shape - Group","hd":false},{"ty":"fl","c":{"a":0,"k":[0.20784313725490197,0.5333333333333333,0.7137254901960784,1],"ix":4},"o":{"a":0,"k":100,"ix":5},"r":1,"bm":0,"nm":"Fill 1","mn":"ADBE Vector Graphic - Fill","hd":false},{"ty":"tr","p":{"a":0,"k":[23.98,57.34],"ix":2},"a":{"a":0,"k":[0,0],"ix":1},"s":{"a":0,"k":[100,100],"ix":3},"r":{"a":0,"k":0,"ix":6},"o":{"a":0,"k":100,"ix":7},"sk":{"a":0,"k":0,"ix":4},"sa":{"a":0,"k":0,"ix":5},"nm":"Transform"}],"nm":"Group 1","np":2,"cix":2,"bm":0,"ix":1,"mn":"ADBE Vector Group","hd":false}],"ip":0,"op":199.000008105436,"st":0,"bm":0},{"ddd":0,"ind":3,"ty":4,"nm":"right","sr":1,"ks":{"o":{"a":0,"k":100,"ix":11},"r":{"a":1,"k":[{"i":{"x":[0],"y":[1]},"o":{"x":[0.167],"y":[0.167]},"t":0,"s":[-45]},{"i":{"x":[0],"y":[0.988]},"o":{"x":[0.167],"y":[0]},"t":50,"s":[0]},{"i":{"x":[0.286],"y":[0.995]},"o":{"x":[0.347],"y":[0]},"t":101,"s":[0]},{"t":150.000006109625,"s":[-45]}],"ix":10},"p":{"a":0,"k":[88.426,146.602,0],"ix":2},"a":{"a":0,"k":[1.286,80.952,0],"ix":1},"s":{"a":0,"k":[100,100,100],"ix":6}},"ao":0,"shapes":[{"ty":"gr","it":[{"ind":0,"ty":"sh","ix":1,"ks":{"a":0,"k":{"i":[[13.279,-13.28],[18.583,-1.768],[1.209,-0.064],[0,0],[1.252,-0.007],[0,0],[0,0],[-0.057,1.272],[0,0],[-0.127,1.203],[-13.28,13.28],[-18.583,1.768],[-1.209,0.063],[0,0],[-1.259,0],[0,0],[0,0],[0.057,-1.273],[0,0],[0.12,-1.209]],"o":[[-13.279,13.279],[-1.209,0.12],[0,0],[-1.273,0.057],[0,0],[0,0],[0,-1.259],[0,0],[0.064,-1.209],[1.767,-18.583],[13.28,-13.279],[1.202,-0.127],[0,0],[1.273,-0.057],[0,0],[0,0],[-0.008,1.252],[0,0],[-0.063,1.209],[-1.768,18.583]],"v":[[16.779,16.779],[-32.456,39.993],[-36.076,40.262],[-36.374,40.276],[-40.171,40.368],[-40.369,40.368],[-40.369,40.171],[-40.284,36.366],[-40.27,36.069],[-40.001,32.448],[-16.78,-16.781],[32.449,-40.001],[36.069,-40.27],[36.366,-40.284],[40.171,-40.368],[40.369,-40.368],[40.369,-40.172],[40.276,-36.374],[40.262,-36.077],[39.994,-32.457]],"c":true},"ix":2},"nm":"Path 1","mn":"ADBE Vector Shape - Group","hd":false},{"ty":"fl","c":{"a":0,"k":[0.3176470588235294,0.7686274509803922,0.9450980392156862,1],"ix":4},"o":{"a":0,"k":100,"ix":5},"r":1,"bm":0,"nm":"Fill 1","mn":"ADBE Vector Graphic - Fill","hd":false},{"ty":"tr","p":{"a":0,"k":[40.619,40.619],"ix":2},"a":{"a":0,"k":[0,0],"ix":1},"s":{"a":0,"k":[100,100],"ix":3},"r":{"a":0,"k":0,"ix":6},"o":{"a":0,"k":100,"ix":7},"sk":{"a":0,"k":0,"ix":4},"sa":{"a":0,"k":0,"ix":5},"nm":"Transform"}],"nm":"Group 1","np":2,"cix":2,"bm":0,"ix":1,"mn":"ADBE Vector Group","hd":false}],"ip":0,"op":199.000008105436,"st":0,"bm":0}],"markers":[]}