{"v":"4.8.0","meta":{"g":"LottieFiles AE 2.0.4","a":"","k":"","d":"","tc":""},"fr":29.9700012207031,"ip":0,"op":585.000023827538,"w":1080,"h":1080,"nm":"pakistan map","ddd":0,"assets":[],"fonts":{"list":[{"fName":"Montserrat-SemiBold","fFamily":"Montserrat","fStyle":"SemiBold","ascent":74.1989135742188}]},"layers":[{"ddd":0,"ind":1,"ty":4,"nm":"Sindh Outlines 3","sr":1,"ks":{"o":{"a":0,"k":100,"ix":11},"r":{"a":0,"k":0,"ix":10},"p":{"a":0,"k":[540,762.778,0],"ix":2},"a":{"a":0,"k":[87.687,112.141,0],"ix":1},"s":{"a":0,"k":[100,100,100],"ix":6}},"ao":0,"ef":[{"ty":5,"nm":"Glow","np":16,"mn":"ADBE Glo2","ix":1,"en":1,"ef":[{"ty":7,"nm":"Glow Based On","mn":"ADBE Glo2-0001","ix":1,"v":{"a":0,"k":2,"ix":1}},{"ty":0,"nm":"Glow Threshold","mn":"ADBE Glo2-0002","ix":2,"v":{"a":0,"k":25.5,"ix":2}},{"ty":0,"nm":"Glow Radius","mn":"ADBE Glo2-0003","ix":3,"v":{"a":0,"k":10,"ix":3}},{"ty":0,"nm":"Glow Intensity","mn":"ADBE Glo2-0004","ix":4,"v":{"a":0,"k":1.3,"ix":4}},{"ty":7,"nm":"Composite Original","mn":"ADBE Glo2-0005","ix":5,"v":{"a":0,"k":2,"ix":5}},{"ty":7,"nm":"Glow Operation","mn":"ADBE Glo2-0006","ix":6,"v":{"a":0,"k":3,"ix":6}},{"ty":7,"nm":"Glow Colors","mn":"ADBE Glo2-0007","ix":7,"v":{"a":0,"k":2,"ix":7}},{"ty":7,"nm":"Color Looping","mn":"ADBE Glo2-0008","ix":8,"v":{"a":0,"k":3,"ix":8}},{"ty":0,"nm":"Color Loops","mn":"ADBE Glo2-0009","ix":9,"v":{"a":0,"k":1,"ix":9}},{"ty":0,"nm":"Color Phase","mn":"ADBE Glo2-0010","ix":10,"v":{"a":0,"k":0,"ix":10}},{"ty":0,"nm":"A & B Midpoint","mn":"ADBE Glo2-0011","ix":11,"v":{"a":0,"k":0.5,"ix":11}},{"ty":2,"nm":"Color A","mn":"ADBE Glo2-0012","ix":12,"v":{"a":0,"k":[0,0.894117474556,1,1],"ix":12}},{"ty":2,"nm":"Color B","mn":"ADBE Glo2-0013","ix":13,"v":{"a":0,"k":[0,0.894117474556,1,1],"ix":13}},{"ty":7,"nm":"Glow Dimensions","mn":"ADBE Glo2-0014","ix":14,"v":{"a":0,"k":1,"ix":14}}]}],"shapes":[{"ty":"gr","it":[{"ind":0,"ty":"sh","ix":1,"ks":{"a":0,"k":{"i":[[-1.68,0.357],[-2.011,-7.906],[-7.7,-3.964],[8.993,-9.034],[-14.221,0.015],[1.614,-7.504],[-12.861,1.458],[0.226,-2.877],[-1.352,-13.709],[10.642,-4.761],[2.074,3.428],[5.692,-2.693],[3.207,2.03],[12.581,3.371],[-0.181,-1.564],[0.399,-16.518],[0.779,21.958],[7.131,1.905],[-1.409,5.752],[9.464,21.801],[-12.828,4.163],[-31.681,-9.741]],"o":[[8.245,-1.968],[2.185,8.589],[-5.752,11.266],[-10.28,10.326],[18.287,-0.02],[-2.727,12.68],[2.021,-0.228],[-1.214,15.447],[0.612,6.217],[-3.821,1.709],[-7.739,-12.798],[-4.117,1.948],[-12.487,-7.905],[-3.093,-0.828],[2.346,20.166],[-20.868,-1.904],[-0.421,-11.87],[-2.274,-0.607],[22.753,-10.203],[-8.964,-16.654],[25.184,-8.173],[1.434,0.44]],"v":[[19.915,-99.633],[35.853,-90.387],[50.473,-71.82],[27.986,-41.986],[37.411,-15.566],[47.798,3.65],[64.548,24.487],[69.353,25.856],[83.643,64.764],[78.027,85.691],[67.817,85.778],[47.207,86.992],[35.533,89.788],[-3.129,85.821],[-5.999,88.238],[-30.84,107.584],[-66.246,73.597],[-81.975,60.68],[-87.259,55.434],[-65.195,-6.341],[-59.134,-70.66],[14.908,-98.663]],"c":true},"ix":2},"nm":"Path 1","mn":"ADBE Vector Shape - Group","hd":false},{"ty":"st","c":{"a":0,"k":[1,1,1,1],"ix":3},"o":{"a":0,"k":100,"ix":4},"w":{"a":0,"k":4,"ix":5},"lc":1,"lj":1,"ml":4,"bm":0,"nm":"Stroke 1","mn":"ADBE Vector Graphic - Stroke","hd":false},{"ty":"tm","s":{"a":1,"k":[{"i":{"x":[0.667],"y":[1]},"o":{"x":[0.333],"y":[0]},"t":447,"s":[0]},{"t":469.000019102762,"s":[100]}],"ix":1},"e":{"a":1,"k":[{"i":{"x":[0.667],"y":[1]},"o":{"x":[0.333],"y":[0]},"t":439,"s":[0]},{"t":454.000018491799,"s":[100]}],"ix":2},"o":{"a":0,"k":0,"ix":3},"m":1,"ix":4,"nm":"Trim Paths 1","mn":"ADBE Vector Filter - Trim","hd":false},{"ty":"tr","p":{"a":0,"k":[88.918,108.653],"ix":2},"a":{"a":0,"k":[0,0],"ix":1},"s":{"a":0,"k":[100,100],"ix":3},"r":{"a":0,"k":0,"ix":6},"o":{"a":0,"k":100,"ix":7},"sk":{"a":0,"k":0,"ix":4},"sa":{"a":0,"k":0,"ix":5},"nm":"Transform"}],"nm":"Group 1","np":4,"cix":2,"bm":0,"ix":1,"mn":"ADBE Vector Group","hd":false}],"ip":438.000017840106,"op":478.000019469339,"st":111.000004521123,"bm":0},{"ddd":0,"ind":2,"ty":5,"nm":"Sindh 2","parent":3,"sr":1,"ks":{"o":{"a":0,"k":100,"ix":11},"r":{"a":0,"k":0,"ix":10},"p":{"a":0,"k":[85.687,133.863,0],"ix":2},"a":{"a":0,"k":[0,0,0],"ix":1},"s":{"a":0,"k":[100,100,100],"ix":6}},"ao":0,"t":{"d":{"k":[{"s":{"sz":[100,37],"ps":[-50,-18.5],"s":20,"f":"Montserrat-SemiBold","t":"SINDH","j":2,"tr":-30,"lh":24,"ls":0,"fc":[1,1,1]},"t":0}]},"p":{},"m":{"g":1,"a":{"a":0,"k":[0,0],"ix":2}},"a":[]},"ip":479.00001951007,"op":587.000023909,"st":0,"bm":0},{"ddd":0,"ind":3,"ty":4,"nm":"Sindh Outlines 2","sr":1,"ks":{"o":{"a":0,"k":100,"ix":11},"r":{"a":0,"k":0,"ix":10},"p":{"a":0,"k":[540,762.778,0],"ix":2},"a":{"a":0,"k":[87.687,112.141,0],"ix":1},"s":{"a":1,"k":[{"i":{"x":[0.667,0.667,0.667],"y":[1,1,1]},"o":{"x":[0.333,0.333,0.333],"y":[0,0,0]},"t":479,"s":[100,100,100]},{"i":{"x":[0.667,0.667,0.667],"y":[1,1,1]},"o":{"x":[0.333,0.333,0.333],"y":[0,0,0]},"t":509,"s":[132,132,100]},{"i":{"x":[0.667,0.667,0.667],"y":[1,1,1]},"o":{"x":[0.333,0.333,0.333],"y":[0,0,0]},"t":539,"s":[132,132,100]},{"t":554.000022564883,"s":[100,100,100]}],"ix":6}},"ao":0,"shapes":[{"ty":"gr","it":[{"ind":0,"ty":"sh","ix":1,"ks":{"a":0,"k":{"i":[[-1.68,0.357],[-2.011,-7.906],[-7.7,-3.964],[8.993,-9.034],[-14.221,0.015],[1.614,-7.504],[-12.861,1.458],[0.226,-2.877],[-1.352,-13.709],[10.642,-4.761],[2.074,3.428],[5.692,-2.693],[3.207,2.03],[12.581,3.371],[-0.181,-1.564],[0.399,-16.518],[0.779,21.958],[7.131,1.905],[-1.409,5.752],[9.464,21.801],[-12.828,4.163],[-31.681,-9.741]],"o":[[8.245,-1.968],[2.185,8.589],[-5.752,11.266],[-10.28,10.326],[18.287,-0.02],[-2.727,12.68],[2.021,-0.228],[-1.214,15.447],[0.612,6.217],[-3.821,1.709],[-7.739,-12.798],[-4.117,1.948],[-12.487,-7.905],[-3.093,-0.828],[2.346,20.166],[-20.868,-1.904],[-0.421,-11.87],[-2.274,-0.607],[22.753,-10.203],[-8.964,-16.654],[25.184,-8.173],[1.434,0.44]],"v":[[19.915,-99.633],[35.853,-90.387],[50.473,-71.82],[27.986,-41.986],[37.411,-15.566],[47.798,3.65],[64.548,24.487],[69.353,25.856],[83.643,64.764],[78.027,85.691],[67.817,85.778],[47.207,86.992],[35.533,89.788],[-3.129,85.821],[-5.999,88.238],[-30.84,107.584],[-66.246,73.597],[-81.975,60.68],[-87.259,55.434],[-65.195,-6.341],[-59.134,-70.66],[14.908,-98.663]],"c":true},"ix":2},"nm":"Path 1","mn":"ADBE Vector Shape - Group","hd":false},{"ty":"fl","c":{"a":0,"k":[0.074509803922,0.486274539723,0.113725497676,1],"ix":4},"o":{"a":0,"k":100,"ix":5},"r":1,"bm":0,"nm":"Fill 1","mn":"ADBE Vector Graphic - Fill","hd":false},{"ty":"tr","p":{"a":0,"k":[88.918,108.653],"ix":2},"a":{"a":0,"k":[0,0],"ix":1},"s":{"a":0,"k":[100,100],"ix":3},"r":{"a":0,"k":0,"ix":6},"o":{"a":0,"k":100,"ix":7},"sk":{"a":0,"k":0,"ix":4},"sa":{"a":0,"k":0,"ix":5},"nm":"Transform"}],"nm":"Group 1","np":2,"cix":2,"bm":0,"ix":1,"mn":"ADBE Vector Group","hd":false}],"ip":479.00001951007,"op":587.000023909,"st":0,"bm":0},{"ddd":0,"ind":4,"ty":4,"nm":"Balochistan Outlines 3","sr":1,"ks":{"o":{"a":0,"k":100,"ix":11},"r":{"a":0,"k":0,"ix":10},"p":{"a":0,"k":[411.568,655.613,0],"ix":2},"a":{"a":0,"k":[182.669,161.467,0],"ix":1},"s":{"a":0,"k":[100,100,100],"ix":6}},"ao":0,"ef":[{"ty":5,"nm":"Glow","np":16,"mn":"ADBE Glo2","ix":1,"en":1,"ef":[{"ty":7,"nm":"Glow Based On","mn":"ADBE Glo2-0001","ix":1,"v":{"a":0,"k":2,"ix":1}},{"ty":0,"nm":"Glow Threshold","mn":"ADBE Glo2-0002","ix":2,"v":{"a":0,"k":25.5,"ix":2}},{"ty":0,"nm":"Glow Radius","mn":"ADBE Glo2-0003","ix":3,"v":{"a":0,"k":10,"ix":3}},{"ty":0,"nm":"Glow Intensity","mn":"ADBE Glo2-0004","ix":4,"v":{"a":0,"k":1.3,"ix":4}},{"ty":7,"nm":"Composite Original","mn":"ADBE Glo2-0005","ix":5,"v":{"a":0,"k":2,"ix":5}},{"ty":7,"nm":"Glow Operation","mn":"ADBE Glo2-0006","ix":6,"v":{"a":0,"k":3,"ix":6}},{"ty":7,"nm":"Glow Colors","mn":"ADBE Glo2-0007","ix":7,"v":{"a":0,"k":2,"ix":7}},{"ty":7,"nm":"Color Looping","mn":"ADBE Glo2-0008","ix":8,"v":{"a":0,"k":3,"ix":8}},{"ty":0,"nm":"Color Loops","mn":"ADBE Glo2-0009","ix":9,"v":{"a":0,"k":1,"ix":9}},{"ty":0,"nm":"Color Phase","mn":"ADBE Glo2-0010","ix":10,"v":{"a":0,"k":0,"ix":10}},{"ty":0,"nm":"A & B Midpoint","mn":"ADBE Glo2-0011","ix":11,"v":{"a":0,"k":0.5,"ix":11}},{"ty":2,"nm":"Color A","mn":"ADBE Glo2-0012","ix":12,"v":{"a":0,"k":[0,0.894117474556,1,1],"ix":12}},{"ty":2,"nm":"Color B","mn":"ADBE Glo2-0013","ix":13,"v":{"a":0,"k":[0,0.894117474556,1,1],"ix":13}},{"ty":7,"nm":"Glow Dimensions","mn":"ADBE Glo2-0014","ix":14,"v":{"a":0,"k":1,"ix":14}}]}],"shapes":[{"ty":"gr","it":[{"ind":0,"ty":"sh","ix":1,"ks":{"a":0,"k":{"i":[[7.42,2.419],[26.108,-4.311],[25.887,8.15],[11.633,3.11],[11.688,-1.174],[4.421,-1.421],[-0.557,4.326],[-6.918,9.688],[-15.867,-0.361],[3.197,12.824],[4.027,-1.186],[-0.523,7.526],[3.256,10.994],[7.005,1.212],[7.656,16.664],[1.06,1.147],[2.62,7.534],[-6.785,-3.502],[-29.714,2.515],[-26.884,7.99],[3.629,10.087],[-4.985,4.663],[-2.749,5.039],[-7.515,-5.977],[-8.695,3.725],[0.193,0.643],[-4.265,1.091],[-11.725,-0.034],[-7.499,-4.195],[-5.89,4.964],[-4.502,2.693],[-1.831,-4.453],[-2.456,-7.884],[-1.303,0.402],[1.201,-7.692],[-0.592,-2.908],[4.268,-6.566],[-1.139,-7.666],[6.226,-5.999],[-4.23,-6.765],[2.535,-4.14],[3.075,-8.683],[4.647,0.628],[11.154,-11.309],[4.969,-0.704],[1.763,-9.002],[-10.231,-16.178],[7.855,-10.308],[4.42,-5.811]],"o":[[0.698,-20.879],[-25.489,4.209],[-10.976,-3.456],[-10.868,-2.906],[-4.392,0.442],[-6.758,2.172],[1.662,-12.929],[7.672,-10.745],[13.03,0.297],[-1.288,-5.164],[-7.28,2.143],[0.816,-11.749],[-1.561,-5.268],[-21.753,-3.762],[-0.695,-1.514],[-5.195,-5.617],[7.467,2.184],[28.134,14.525],[27.779,-2.351],[10.491,-3.118],[-2.836,-7.882],[4.022,-3.762],[1.7,-3.115],[8.348,6.639],[0.463,-0.198],[-0.83,-2.764],[10.12,-2.589],[8.904,0.025],[7.8,4.365],[4.196,-3.244],[8.494,-7.443],[2.322,8.8],[0.615,1.975],[6.581,-2.032],[0.153,2.899],[1.067,7.424],[-3.681,5.663],[1.271,8.552],[-5.678,5.473],[2.913,4.655],[-4.855,7.93],[-4.061,4.042],[-16.572,-2.238],[-3.506,3.555],[-10.768,1.526],[-3.353,17.108],[6.898,10.908],[-4.482,5.883],[-3.714,4.882]],"v":[[41.473,158.436],[6.783,137.893],[-70.679,140.387],[-99.531,145.91],[-134.604,146.748],[-147.37,152.374],[-156.235,144.565],[-148.046,106.73],[-111.85,86.234],[-92.136,62.969],[-102.393,59.856],[-110.396,52.285],[-112.174,17.059],[-131.057,5.835],[-167.293,-31.498],[-169.244,-36.074],[-182.914,-54.31],[-160.616,-47.561],[-73.123,-38.755],[9.264,-51.72],[27.287,-85.251],[32.699,-104.394],[43.144,-116.416],[55.166,-119.25],[82.008,-123.428],[82.636,-125.636],[77.324,-130.059],[103.587,-143.743],[125.59,-136.766],[142.834,-150.599],[154.839,-153.412],[166.449,-154.325],[170.988,-131.323],[172.288,-128.668],[181.714,-122.857],[181.373,-114.212],[176.821,-93.643],[172.326,-73.948],[162.891,-51.528],[160.068,-33.803],[158.649,-20.834],[148.126,4.658],[134.087,7.354],[93.575,23.064],[81.184,30.823],[63.576,48.872],[68.365,99.44],[66.809,131.957],[56.313,150.969]],"c":true},"ix":2},"nm":"Path 1","mn":"ADBE Vector Shape - Group","hd":false},{"ty":"st","c":{"a":0,"k":[1,1,1,1],"ix":3},"o":{"a":0,"k":100,"ix":4},"w":{"a":0,"k":4,"ix":5},"lc":1,"lj":1,"ml":4,"bm":0,"nm":"Stroke 1","mn":"ADBE Vector Graphic - Stroke","hd":false},{"ty":"tm","s":{"a":1,"k":[{"i":{"x":[0.667],"y":[1]},"o":{"x":[0.333],"y":[0]},"t":335,"s":[0]},{"t":357.000014540908,"s":[100]}],"ix":1},"e":{"a":1,"k":[{"i":{"x":[0.667],"y":[1]},"o":{"x":[0.333],"y":[0]},"t":327,"s":[0]},{"t":342.000013929946,"s":[100]}],"ix":2},"o":{"a":0,"k":0,"ix":3},"m":1,"ix":4,"nm":"Trim Paths 1","mn":"ADBE Vector Filter - Trim","hd":false},{"ty":"tr","p":{"a":0,"k":[183.164,161.105],"ix":2},"a":{"a":0,"k":[0,0],"ix":1},"s":{"a":0,"k":[100,100],"ix":3},"r":{"a":0,"k":0,"ix":6},"o":{"a":0,"k":100,"ix":7},"sk":{"a":0,"k":0,"ix":4},"sa":{"a":0,"k":0,"ix":5},"nm":"Transform"}],"nm":"Group 1","np":4,"cix":2,"bm":0,"ix":1,"mn":"ADBE Vector Group","hd":false}],"ip":327.000013318983,"op":358.000014581639,"st":0,"bm":0},{"ddd":0,"ind":5,"ty":5,"nm":"Balochsitan 2","parent":6,"sr":1,"ks":{"o":{"a":0,"k":100,"ix":11},"r":{"a":0,"k":0,"ix":10},"p":{"a":0,"k":[208.101,178.354,0],"ix":2},"a":{"a":0,"k":[0,0,0],"ix":1},"s":{"a":0,"k":[100,100,100],"ix":6}},"ao":0,"t":{"d":{"k":[{"s":{"sz":[153,37],"ps":[-103,-18.5],"s":20,"f":"Montserrat-SemiBold","t":"BALOCHSITAN","j":2,"tr":-30,"lh":24,"ls":0,"fc":[1,1,1]},"t":0}]},"p":{},"m":{"g":1,"a":{"a":0,"k":[0,0],"ix":2}},"a":[]},"ip":355.000014459446,"op":587.000023909,"st":0,"bm":0},{"ddd":0,"ind":6,"ty":4,"nm":"Balochistan Outlines 2","sr":1,"ks":{"o":{"a":0,"k":100,"ix":11},"r":{"a":0,"k":0,"ix":10},"p":{"a":0,"k":[411.568,655.613,0],"ix":2},"a":{"a":0,"k":[182.669,161.467,0],"ix":1},"s":{"a":1,"k":[{"i":{"x":[0.667,0.667,0.667],"y":[1,1,1]},"o":{"x":[0.333,0.333,0.333],"y":[0,0,0]},"t":355,"s":[100,100,100]},{"i":{"x":[0.667,0.667,0.667],"y":[1,1,1]},"o":{"x":[0.333,0.333,0.333],"y":[0,0,0]},"t":385,"s":[132,132,100]},{"i":{"x":[0.667,0.667,0.667],"y":[1,1,1]},"o":{"x":[0.333,0.333,0.333],"y":[0,0,0]},"t":415,"s":[132,132,100]},{"t":430.000017514259,"s":[100,100,100]}],"ix":6}},"ao":0,"shapes":[{"ty":"gr","it":[{"ind":0,"ty":"sh","ix":1,"ks":{"a":0,"k":{"i":[[7.42,2.419],[26.108,-4.311],[25.887,8.15],[11.633,3.11],[11.688,-1.174],[4.421,-1.421],[-0.557,4.326],[-6.918,9.688],[-15.867,-0.361],[3.197,12.824],[4.027,-1.186],[-0.523,7.526],[3.256,10.994],[7.005,1.212],[7.656,16.664],[1.06,1.147],[2.62,7.534],[-6.785,-3.502],[-29.714,2.515],[-26.884,7.99],[3.629,10.087],[-4.985,4.663],[-2.749,5.039],[-7.515,-5.977],[-8.695,3.725],[0.193,0.643],[-4.265,1.091],[-11.725,-0.034],[-7.499,-4.195],[-5.89,4.964],[-4.502,2.693],[-1.831,-4.453],[-2.456,-7.884],[-1.303,0.402],[1.201,-7.692],[-0.592,-2.908],[4.268,-6.566],[-1.139,-7.666],[6.226,-5.999],[-4.23,-6.765],[2.535,-4.14],[3.075,-8.683],[4.647,0.628],[11.154,-11.309],[4.969,-0.704],[1.763,-9.002],[-10.231,-16.178],[7.855,-10.308],[4.42,-5.811]],"o":[[0.698,-20.879],[-25.489,4.209],[-10.976,-3.456],[-10.868,-2.906],[-4.392,0.442],[-6.758,2.172],[1.662,-12.929],[7.672,-10.745],[13.03,0.297],[-1.288,-5.164],[-7.28,2.143],[0.816,-11.749],[-1.561,-5.268],[-21.753,-3.762],[-0.695,-1.514],[-5.195,-5.617],[7.467,2.184],[28.134,14.525],[27.779,-2.351],[10.491,-3.118],[-2.836,-7.882],[4.022,-3.762],[1.7,-3.115],[8.348,6.639],[0.463,-0.198],[-0.83,-2.764],[10.12,-2.589],[8.904,0.025],[7.8,4.365],[4.196,-3.244],[8.494,-7.443],[2.322,8.8],[0.615,1.975],[6.581,-2.032],[0.153,2.899],[1.067,7.424],[-3.681,5.663],[1.271,8.552],[-5.678,5.473],[2.913,4.655],[-4.855,7.93],[-4.061,4.042],[-16.572,-2.238],[-3.506,3.555],[-10.768,1.526],[-3.353,17.108],[6.898,10.908],[-4.482,5.883],[-3.714,4.882]],"v":[[41.473,158.436],[6.783,137.893],[-70.679,140.387],[-99.531,145.91],[-134.604,146.748],[-147.37,152.374],[-156.235,144.565],[-148.046,106.73],[-111.85,86.234],[-92.136,62.969],[-102.393,59.856],[-110.396,52.285],[-112.174,17.059],[-131.057,5.835],[-167.293,-31.498],[-169.244,-36.074],[-182.914,-54.31],[-160.616,-47.561],[-73.123,-38.755],[9.264,-51.72],[27.287,-85.251],[32.699,-104.394],[43.144,-116.416],[55.166,-119.25],[82.008,-123.428],[82.636,-125.636],[77.324,-130.059],[103.587,-143.743],[125.59,-136.766],[142.834,-150.599],[154.839,-153.412],[166.449,-154.325],[170.988,-131.323],[172.288,-128.668],[181.714,-122.857],[181.373,-114.212],[176.821,-93.643],[172.326,-73.948],[162.891,-51.528],[160.068,-33.803],[158.649,-20.834],[148.126,4.658],[134.087,7.354],[93.575,23.064],[81.184,30.823],[63.576,48.872],[68.365,99.44],[66.809,131.957],[56.313,150.969]],"c":true},"ix":2},"nm":"Path 1","mn":"ADBE Vector Shape - Group","hd":false},{"ty":"fl","c":{"a":0,"k":[0.219607858097,0.647058823529,0.270588235294,1],"ix":4},"o":{"a":0,"k":100,"ix":5},"r":1,"bm":0,"nm":"Fill 1","mn":"ADBE Vector Graphic - Fill","hd":false},{"ty":"tr","p":{"a":0,"k":[183.164,161.105],"ix":2},"a":{"a":0,"k":[0,0],"ix":1},"s":{"a":0,"k":[100,100],"ix":3},"r":{"a":0,"k":0,"ix":6},"o":{"a":0,"k":100,"ix":7},"sk":{"a":0,"k":0,"ix":4},"sa":{"a":0,"k":0,"ix":5},"nm":"Transform"}],"nm":"Group 1","np":2,"cix":2,"bm":0,"ix":1,"mn":"ADBE Vector Group","hd":false}],"ip":355.000014459446,"op":587.000023909,"st":0,"bm":0},{"ddd":0,"ind":7,"ty":4,"nm":"Punjab Outlines 3","sr":1,"ks":{"o":{"a":0,"k":100,"ix":11},"r":{"a":0,"k":0,"ix":10},"p":{"a":0,"k":[679.505,524.701,0],"ix":2},"a":{"a":0,"k":[119.042,171.242,0],"ix":1},"s":{"a":0,"k":[100,100,100],"ix":6}},"ao":0,"ef":[{"ty":5,"nm":"Glow","np":16,"mn":"ADBE Glo2","ix":1,"en":1,"ef":[{"ty":7,"nm":"Glow Based On","mn":"ADBE Glo2-0001","ix":1,"v":{"a":0,"k":2,"ix":1}},{"ty":0,"nm":"Glow Threshold","mn":"ADBE Glo2-0002","ix":2,"v":{"a":0,"k":25.5,"ix":2}},{"ty":0,"nm":"Glow Radius","mn":"ADBE Glo2-0003","ix":3,"v":{"a":0,"k":10,"ix":3}},{"ty":0,"nm":"Glow Intensity","mn":"ADBE Glo2-0004","ix":4,"v":{"a":0,"k":1.3,"ix":4}},{"ty":7,"nm":"Composite Original","mn":"ADBE Glo2-0005","ix":5,"v":{"a":0,"k":2,"ix":5}},{"ty":7,"nm":"Glow Operation","mn":"ADBE Glo2-0006","ix":6,"v":{"a":0,"k":3,"ix":6}},{"ty":7,"nm":"Glow Colors","mn":"ADBE Glo2-0007","ix":7,"v":{"a":0,"k":2,"ix":7}},{"ty":7,"nm":"Color Looping","mn":"ADBE Glo2-0008","ix":8,"v":{"a":0,"k":3,"ix":8}},{"ty":0,"nm":"Color Loops","mn":"ADBE Glo2-0009","ix":9,"v":{"a":0,"k":1,"ix":9}},{"ty":0,"nm":"Color Phase","mn":"ADBE Glo2-0010","ix":10,"v":{"a":0,"k":0,"ix":10}},{"ty":0,"nm":"A & B Midpoint","mn":"ADBE Glo2-0011","ix":11,"v":{"a":0,"k":0.5,"ix":11}},{"ty":2,"nm":"Color A","mn":"ADBE Glo2-0012","ix":12,"v":{"a":0,"k":[0,0.894117474556,1,1],"ix":12}},{"ty":2,"nm":"Color B","mn":"ADBE Glo2-0013","ix":13,"v":{"a":0,"k":[0,0.894117474556,1,1],"ix":13}},{"ty":7,"nm":"Glow Dimensions","mn":"ADBE Glo2-0014","ix":14,"v":{"a":0,"k":1,"ix":14}}]}],"shapes":[{"ty":"gr","it":[{"ind":0,"ty":"sh","ix":1,"ks":{"a":0,"k":{"i":[[6.07,-1.7],[5.57,-4.66],[-1.59,-4.59],[10.8,-16.47],[7.34,-27],[2.04,-0.561],[10.69,-16.2],[5.14,-0.68],[5.74,-2.45],[5.17,11.101],[5.59,-3.79],[2.11,6.299],[8.45,2.62],[-4.04,6.87],[4.81,6.51],[-5.15,4.56],[2.71,12.19],[-3.82,4.321],[0.06,6.94],[-2.11,2.17],[-3.65,11.74],[-5.97,8.55],[1.59,2.67],[-9.95,7.79],[-0.61,1.98],[-1.73,-0.27],[-3.11,5.85],[-5.24,6.43],[-5.8,-3.19],[-4.46,-5.5],[-0.19,-0.26],[-2.61,0.93],[-1.04,0.36],[-0.111,0.68],[-3.22,0.34],[1.319,6.43],[-1.5,1.85],[-8.201,10.26],[-0.83,0.32],[-10.55,-19.88],[12.289,2.12],[5.49,-11.77],[-15.2,1.75],[0.06,-3.01],[1.54,-0.65],[-8.04,-6.18],[0.31,-0.45],[-1.79,-10.94],[-12.299,-5.84]],"o":[[-6.7,1.88],[-3.23,2.72],[7.45,21.45],[-14.56,22.19],[-0.63,2.311],[-22.48,6.219],[-3.11,4.7],[-6.32,0.84],[-8.71,3.72],[-5.22,-11.189],[-7.58,-0.07],[-2.85,-8.46],[-4.243,-9.49],[3.58,-6.07],[-3.54,-4.79],[7.98,-7.06],[-1.19,-5.37],[3.222,-7.43],[0.72,-3.08],[12.25,-2.71],[2.96,-9.53],[2.02,-2.88],[-6.68,-11.29],[1.76,-1.39],[0.53,-1.76],[11.76,1.89],[4.151,-7.79],[3.58,-4.4],[6.11,3.35],[0.21,0.25],[2.61,-0.93],[1.04,-0.36],[-0.04,-0.63],[0.919,-3.31],[-3.319,-5.92],[-0.481,-2.3],[8.27,-10.17],[0.409,-0.52],[20.7,1.68],[-12.05,-3.46],[-13.281,-2.29],[11.3,0.89],[2.38,-0.27],[-0.04,1.95],[-10.47,4.34],[0.84,0.64],[-10.66,15.38],[9.35,10.04],[6.33,3.01]],"v":[[108.43,-27.976],[89.34,-20.346],[83.84,-10.226],[67.5,40.825],[22.88,106.855],[18.04,112.795],[-19.78,156.644],[-32.35,163.274],[-51.06,167.064],[-70.34,161.105],[-87.78,163.135],[-102.13,152.045],[-119.34,135.325],[-112.18,112.144],[-109.64,95.184],[-108.68,79.255],[-97.15,53.695],[-91.68,36.015],[-87.705,16.615],[-85.115,8.739],[-60.46,-13.495],[-48.14,-41.585],[-49.2,-49.675],[-45.16,-73.105],[-41.99,-78.185],[-38.65,-81.835],[-23.2,-97.476],[-6.71,-116.705],[7.44,-118.765],[24.06,-106.795],[24.66,-106.045],[32.48,-108.835],[35.6,-109.925],[35.701,-111.885],[42.02,-117.226],[37.491,-136.395],[39.37,-143.045],[66.451,-171.425],[68.93,-172.205],[118.46,-144.615],[82.241,-154.715],[54.58,-137.645],[67.12,-119.825],[72.35,-116.565],[69.43,-110.945],[67.75,-95.346],[69.29,-92.395],[80.12,-61.365],[113.54,-39.715]],"c":true},"ix":2},"nm":"Path 1","mn":"ADBE Vector Shape - Group","hd":false},{"ty":"st","c":{"a":0,"k":[1,1,1,1],"ix":3},"o":{"a":0,"k":100,"ix":4},"w":{"a":0,"k":4,"ix":5},"lc":1,"lj":1,"ml":4,"bm":0,"nm":"Stroke 1","mn":"ADBE Vector Graphic - Stroke","hd":false},{"ty":"tm","s":{"a":1,"k":[{"i":{"x":[0.667],"y":[1]},"o":{"x":[0.333],"y":[0]},"t":221,"s":[0]},{"t":243.000009897593,"s":[100]}],"ix":1},"e":{"a":1,"k":[{"i":{"x":[0.667],"y":[1]},"o":{"x":[0.333],"y":[0]},"t":213,"s":[0]},{"t":228.00000928663,"s":[100]}],"ix":2},"o":{"a":0,"k":0,"ix":3},"m":1,"ix":4,"nm":"Trim Paths 1","mn":"ADBE Vector Filter - Trim","hd":false},{"ty":"tr","p":{"a":0,"k":[120.12,172.456],"ix":2},"a":{"a":0,"k":[0,0],"ix":1},"s":{"a":0,"k":[100,100],"ix":3},"r":{"a":0,"k":0,"ix":6},"o":{"a":0,"k":100,"ix":7},"sk":{"a":0,"k":0,"ix":4},"sa":{"a":0,"k":0,"ix":5},"nm":"Transform"}],"nm":"Group 1","np":4,"cix":2,"bm":0,"ix":1,"mn":"ADBE Vector Group","hd":false}],"ip":213.000008675668,"op":259.000010549286,"st":-23.0000009368092,"bm":0},{"ddd":0,"ind":8,"ty":5,"nm":"PUNJAB 2","parent":9,"sr":1,"ks":{"o":{"a":0,"k":100,"ix":11},"r":{"a":0,"k":0,"ix":10},"p":{"a":0,"k":[124.537,196.04,0],"ix":2},"a":{"a":0,"k":[0,0,0],"ix":1},"s":{"a":0,"k":[100,100,100],"ix":6}},"ao":0,"t":{"d":{"k":[{"s":{"sz":[100,37],"ps":[-50,-18.5],"s":20,"f":"Montserrat-SemiBold","t":"PUNJAB","j":2,"tr":-30,"lh":24,"ls":0,"fc":[1,1,1]},"t":0}]},"p":{},"m":{"g":1,"a":{"a":0,"k":[0,0],"ix":2}},"a":[]},"ip":245.000009979055,"op":587.000023909,"st":0,"bm":0},{"ddd":0,"ind":9,"ty":4,"nm":"Punjab Outlines 2","sr":1,"ks":{"o":{"a":0,"k":100,"ix":11},"r":{"a":0,"k":0,"ix":10},"p":{"a":0,"k":[679.505,524.701,0],"ix":2},"a":{"a":0,"k":[119.042,171.242,0],"ix":1},"s":{"a":1,"k":[{"i":{"x":[0.667,0.667,0.667],"y":[1,1,1]},"o":{"x":[0.333,0.333,0.333],"y":[0,0,0]},"t":245,"s":[100,100,100]},{"i":{"x":[0.667,0.667,0.667],"y":[1,1,1]},"o":{"x":[0.333,0.333,0.333],"y":[0,0,0]},"t":275,"s":[132,132,100]},{"i":{"x":[0.667,0.667,0.667],"y":[1,1,1]},"o":{"x":[0.333,0.333,0.333],"y":[0,0,0]},"t":305,"s":[132,132,100]},{"t":320.000013033867,"s":[100,100,100]}],"ix":6}},"ao":0,"shapes":[{"ty":"gr","it":[{"ind":0,"ty":"sh","ix":1,"ks":{"a":0,"k":{"i":[[6.07,-1.7],[5.57,-4.66],[-1.59,-4.59],[10.8,-16.47],[7.34,-27],[2.04,-0.561],[10.69,-16.2],[5.14,-0.68],[5.74,-2.45],[5.17,11.101],[5.59,-3.79],[2.11,6.299],[8.45,2.62],[-4.04,6.87],[4.81,6.51],[-5.15,4.56],[2.71,12.19],[-3.82,4.321],[0.06,6.94],[-2.11,2.17],[-3.65,11.74],[-5.97,8.55],[1.59,2.67],[-9.95,7.79],[-0.61,1.98],[-1.73,-0.27],[-3.11,5.85],[-5.24,6.43],[-5.8,-3.19],[-4.46,-5.5],[-0.19,-0.26],[-2.61,0.93],[-1.04,0.36],[-0.111,0.68],[-3.22,0.34],[1.319,6.43],[-1.5,1.85],[-8.201,10.26],[-0.83,0.32],[-10.55,-19.88],[12.289,2.12],[5.49,-11.77],[-15.2,1.75],[0.06,-3.01],[1.54,-0.65],[-8.04,-6.18],[0.31,-0.45],[-1.79,-10.94],[-12.299,-5.84]],"o":[[-6.7,1.88],[-3.23,2.72],[7.45,21.45],[-14.56,22.19],[-0.63,2.311],[-22.48,6.219],[-3.11,4.7],[-6.32,0.84],[-8.71,3.72],[-5.22,-11.189],[-7.58,-0.07],[-2.85,-8.46],[-4.243,-9.49],[3.58,-6.07],[-3.54,-4.79],[7.98,-7.06],[-1.19,-5.37],[3.222,-7.43],[0.72,-3.08],[12.25,-2.71],[2.96,-9.53],[2.02,-2.88],[-6.68,-11.29],[1.76,-1.39],[0.53,-1.76],[11.76,1.89],[4.151,-7.79],[3.58,-4.4],[6.11,3.35],[0.21,0.25],[2.61,-0.93],[1.04,-0.36],[-0.04,-0.63],[0.919,-3.31],[-3.319,-5.92],[-0.481,-2.3],[8.27,-10.17],[0.409,-0.52],[20.7,1.68],[-12.05,-3.46],[-13.281,-2.29],[11.3,0.89],[2.38,-0.27],[-0.04,1.95],[-10.47,4.34],[0.84,0.64],[-10.66,15.38],[9.35,10.04],[6.33,3.01]],"v":[[108.43,-27.976],[89.34,-20.346],[83.84,-10.226],[67.5,40.825],[22.88,106.855],[18.04,112.795],[-19.78,156.644],[-32.35,163.274],[-51.06,167.064],[-70.34,161.105],[-87.78,163.135],[-102.13,152.045],[-119.34,135.325],[-112.18,112.144],[-109.64,95.184],[-108.68,79.255],[-97.15,53.695],[-91.68,36.015],[-87.705,16.615],[-85.115,8.739],[-60.46,-13.495],[-48.14,-41.585],[-49.2,-49.675],[-45.16,-73.105],[-41.99,-78.185],[-38.65,-81.835],[-23.2,-97.476],[-6.71,-116.705],[7.44,-118.765],[24.06,-106.795],[24.66,-106.045],[32.48,-108.835],[35.6,-109.925],[35.701,-111.885],[42.02,-117.226],[37.491,-136.395],[39.37,-143.045],[66.451,-171.425],[68.93,-172.205],[118.46,-144.615],[82.241,-154.715],[54.58,-137.645],[67.12,-119.825],[72.35,-116.565],[69.43,-110.945],[67.75,-95.346],[69.29,-92.395],[80.12,-61.365],[113.54,-39.715]],"c":true},"ix":2},"nm":"Path 1","mn":"ADBE Vector Shape - Group","hd":false},{"ty":"fl","c":{"a":0,"k":[0,0.752941176471,0.230311539594,1],"ix":4},"o":{"a":0,"k":100,"ix":5},"r":1,"bm":0,"nm":"Fill 1","mn":"ADBE Vector Graphic - Fill","hd":false},{"ty":"tr","p":{"a":0,"k":[120.12,172.456],"ix":2},"a":{"a":0,"k":[0,0],"ix":1},"s":{"a":0,"k":[100,100],"ix":3},"r":{"a":0,"k":0,"ix":6},"o":{"a":0,"k":100,"ix":7},"sk":{"a":0,"k":0,"ix":4},"sa":{"a":0,"k":0,"ix":5},"nm":"Transform"}],"nm":"Group 1","np":2,"cix":2,"bm":0,"ix":1,"mn":"ADBE Vector Group","hd":false}],"ip":245.000009979055,"op":587.000023909,"st":0,"bm":0},{"ddd":0,"ind":10,"ty":4,"nm":"KPK 3","sr":1,"ks":{"o":{"a":0,"k":100,"ix":11},"r":{"a":0,"k":0,"ix":10},"p":{"a":0,"k":[651.889,403.5,0],"ix":2},"a":{"a":0,"k":[100.938,137.403,0],"ix":1},"s":{"a":0,"k":[100,100,100],"ix":6}},"ao":0,"ef":[{"ty":5,"nm":"Glow","np":16,"mn":"ADBE Glo2","ix":1,"en":1,"ef":[{"ty":7,"nm":"Glow Based On","mn":"ADBE Glo2-0001","ix":1,"v":{"a":0,"k":2,"ix":1}},{"ty":0,"nm":"Glow Threshold","mn":"ADBE Glo2-0002","ix":2,"v":{"a":0,"k":25.5,"ix":2}},{"ty":0,"nm":"Glow Radius","mn":"ADBE Glo2-0003","ix":3,"v":{"a":0,"k":10,"ix":3}},{"ty":0,"nm":"Glow Intensity","mn":"ADBE Glo2-0004","ix":4,"v":{"a":0,"k":1.3,"ix":4}},{"ty":7,"nm":"Composite Original","mn":"ADBE Glo2-0005","ix":5,"v":{"a":0,"k":2,"ix":5}},{"ty":7,"nm":"Glow Operation","mn":"ADBE Glo2-0006","ix":6,"v":{"a":0,"k":3,"ix":6}},{"ty":7,"nm":"Glow Colors","mn":"ADBE Glo2-0007","ix":7,"v":{"a":0,"k":2,"ix":7}},{"ty":7,"nm":"Color Looping","mn":"ADBE Glo2-0008","ix":8,"v":{"a":0,"k":3,"ix":8}},{"ty":0,"nm":"Color Loops","mn":"ADBE Glo2-0009","ix":9,"v":{"a":0,"k":1,"ix":9}},{"ty":0,"nm":"Color Phase","mn":"ADBE Glo2-0010","ix":10,"v":{"a":0,"k":0,"ix":10}},{"ty":0,"nm":"A & B Midpoint","mn":"ADBE Glo2-0011","ix":11,"v":{"a":0,"k":0.5,"ix":11}},{"ty":2,"nm":"Color A","mn":"ADBE Glo2-0012","ix":12,"v":{"a":0,"k":[0,0.894117474556,1,1],"ix":12}},{"ty":2,"nm":"Color B","mn":"ADBE Glo2-0013","ix":13,"v":{"a":0,"k":[0,0.894117474556,1,1],"ix":13}},{"ty":7,"nm":"Glow Dimensions","mn":"ADBE Glo2-0014","ix":14,"v":{"a":0,"k":1,"ix":14}}]}],"shapes":[{"ty":"gr","it":[{"ind":0,"ty":"sh","ix":1,"ks":{"a":0,"k":{"i":[[-5.98,-3.108],[8.599,-9.876],[2.71,-8.959],[1.79,-1.864],[2.38,1.628],[0.44,0.059],[-0.46,-0.207],[3.641,0.671],[3.31,1.776],[4.631,-16.161],[-4,-10.192],[1.031,0.226],[-0.68,-8.979],[-0.3,-0.355],[1.88,-15.006],[13.17,-2.17],[2.11,-1.825],[17.59,-4.065],[1.579,5.851],[12.82,-12.075],[3.469,-0.365],[-5.069,16.012],[-6.42,6.315],[0.86,3.838],[4.66,3.679],[-1.1,3.878],[-3.509,-0.71],[-9.521,3.838],[2.45,9.54],[-10.04,5.969],[16.45,14.295],[-1.76,1.874],[-36.309,-0.68],[-0.37,-0.711],[-1.41,-2.003],[3.28,0.198],[0.669,-15.854],[-3.98,0.237],[-0.98,-9.274],[-4.49,-0.582],[1.44,-9.619]],"o":[[-6.34,12.046],[-6.96,7.991],[-1.79,1.864],[-1.18,1.737],[-0.441,-0.059],[0.45,0.216],[-2.06,4.39],[-2.819,-2.673],[-13.9,-7.419],[-2.139,7.458],[0.03,0.069],[-9,-1.944],[0.04,0.582],[15.58,18.104],[-1.64,13.013],[-2.12,1.835],[-4.18,-3.354],[-2.37,0.552],[-0.68,-2.525],[-2,1.884],[-5.491,-18.054],[2.721,-8.613],[2.899,-2.841],[-1.33,-5.938],[-4.431,-3.503],[1.64,-5.742],[9.92,2.023],[9.67,-3.897],[-3.201,-12.461],[6.8,-18.853],[-2.67,-2.329],[25.27,-26.984],[0.39,0.01],[1.411,2.002],[-3.32,0.493],[-16.609,-1.025],[-0.42,10.004],[7.54,-0.453],[4.35,1.668],[6.55,0.848],[-1.44,9.6]],"v":[[98.76,-49.451],[71.89,-20.583],[72.47,5.808],[67.11,11.411],[62.31,13.069],[60.98,12.882],[62.35,13.514],[52.949,16.364],[44.42,8.481],[12.449,23.251],[2.58,43.624],[-0.841,45.074],[-21.15,61.946],[-21.03,63.661],[-28.9,108.393],[-50.15,131.342],[-56.5,136.826],[-65.609,123.41],[-69.71,106.153],[-83.06,98.665],[-93.27,99.967],[-84.01,50.303],[-62.28,41.778],[-53.53,33.382],[-62.83,17.066],[-69.359,5.383],[-58.801,4.752],[-29.49,3.805],[-23.31,-15.541],[-5.17,-41.252],[-15.6,-91.598],[-13.2,-97.892],[51.038,-136.147],[74.243,-133.514],[85.324,-130.942],[72.672,-127.847],[34.82,-89.161],[45.59,-83.262],[60.26,-74.244],[73.33,-69.439],[82,-59.426]],"c":true},"ix":2},"nm":"Path 1","mn":"ADBE Vector Shape - Group","hd":false},{"ty":"st","c":{"a":0,"k":[1,1,1,1],"ix":3},"o":{"a":0,"k":100,"ix":4},"w":{"a":0,"k":4,"ix":5},"lc":1,"lj":1,"ml":4,"bm":0,"nm":"Stroke 1","mn":"ADBE Vector Graphic - Stroke","hd":false},{"ty":"tr","p":{"a":0,"k":[99.01,137.077],"ix":2},"a":{"a":0,"k":[0,0],"ix":1},"s":{"a":0,"k":[100,100],"ix":3},"r":{"a":0,"k":0,"ix":6},"o":{"a":0,"k":100,"ix":7},"sk":{"a":0,"k":0,"ix":4},"sa":{"a":0,"k":0,"ix":5},"nm":"Transform"}],"nm":"Group 1","np":3,"cix":2,"bm":0,"ix":1,"mn":"ADBE Vector Group","hd":false},{"ty":"tm","s":{"a":1,"k":[{"i":{"x":[0.667],"y":[1]},"o":{"x":[0.333],"y":[0]},"t":110,"s":[0]},{"t":132.00000537647,"s":[100]}],"ix":1},"e":{"a":1,"k":[{"i":{"x":[0.667],"y":[1]},"o":{"x":[0.333],"y":[0]},"t":102,"s":[0]},{"t":117.000004765508,"s":[100]}],"ix":2},"o":{"a":0,"k":0,"ix":3},"m":1,"ix":2,"nm":"Trim Paths 1","mn":"ADBE Vector Filter - Trim","hd":false}],"ip":102.000004154545,"op":138.000005620855,"st":102.000004154545,"bm":0},{"ddd":0,"ind":11,"ty":5,"nm":"KPK 2","parent":12,"sr":1,"ks":{"o":{"a":0,"k":100,"ix":11},"r":{"a":0,"k":0,"ix":10},"p":{"a":0,"k":[124.049,126.403,0],"ix":2},"a":{"a":0,"k":[0,0,0],"ix":1},"s":{"a":0,"k":[100,100,100],"ix":6}},"ao":0,"t":{"d":{"k":[{"s":{"sz":[100,37],"ps":[-50,-18.5],"s":20,"f":"Montserrat-SemiBold","t":"KPK","j":2,"tr":-30,"lh":24,"ls":0,"fc":[1,1,1]},"t":0}]},"p":{},"m":{"g":1,"a":{"a":0,"k":[0,0],"ix":2}},"a":[]},"ip":105.000004276738,"op":587.000023909,"st":0,"bm":0},{"ddd":0,"ind":12,"ty":4,"nm":"KPK Outlines 2","sr":1,"ks":{"o":{"a":0,"k":100,"ix":11},"r":{"a":0,"k":0,"ix":10},"p":{"a":0,"k":[651.889,403.5,0],"ix":2},"a":{"a":0,"k":[100.938,137.403,0],"ix":1},"s":{"a":1,"k":[{"i":{"x":[0.667,0.667,0.667],"y":[1,1,1]},"o":{"x":[0.333,0.333,0.333],"y":[0,0,0]},"t":132,"s":[100,100,100]},{"i":{"x":[0.667,0.667,0.667],"y":[1,1,1]},"o":{"x":[0.333,0.333,0.333],"y":[0,0,0]},"t":162,"s":[132,132,100]},{"i":{"x":[0.667,0.667,0.667],"y":[1,1,1]},"o":{"x":[0.333,0.333,0.333],"y":[0,0,0]},"t":192,"s":[132,132,100]},{"t":207.000008431283,"s":[100,100,100]}],"ix":6}},"ao":0,"shapes":[{"ty":"gr","it":[{"ind":0,"ty":"sh","ix":1,"ks":{"a":0,"k":{"i":[[-5.98,-3.108],[8.599,-9.876],[2.71,-8.959],[1.79,-1.864],[2.38,1.628],[0.44,0.059],[-0.46,-0.207],[3.641,0.671],[3.31,1.776],[4.631,-16.161],[-4,-10.192],[1.031,0.226],[-0.68,-8.979],[-0.3,-0.355],[1.88,-15.006],[13.17,-2.17],[2.11,-1.825],[17.59,-4.065],[1.579,5.851],[12.82,-12.075],[3.469,-0.365],[-5.069,16.012],[-6.42,6.315],[0.86,3.838],[4.66,3.679],[-1.1,3.878],[-3.509,-0.71],[-9.521,3.838],[2.45,9.54],[-10.04,5.969],[16.45,14.295],[-1.76,1.874],[-36.309,-0.68],[-0.37,-0.711],[-1.41,-2.003],[3.28,0.198],[0.669,-15.854],[-3.98,0.237],[-0.98,-9.274],[-4.49,-0.582],[1.44,-9.619]],"o":[[-6.34,12.046],[-6.96,7.991],[-1.79,1.864],[-1.18,1.737],[-0.441,-0.059],[0.45,0.216],[-2.06,4.39],[-2.819,-2.673],[-13.9,-7.419],[-2.139,7.458],[0.03,0.069],[-9,-1.944],[0.04,0.582],[15.58,18.104],[-1.64,13.013],[-2.12,1.835],[-4.18,-3.354],[-2.37,0.552],[-0.68,-2.525],[-2,1.884],[-5.491,-18.054],[2.721,-8.613],[2.899,-2.841],[-1.33,-5.938],[-4.431,-3.503],[1.64,-5.742],[9.92,2.023],[9.67,-3.897],[-3.201,-12.461],[6.8,-18.853],[-2.67,-2.329],[25.27,-26.984],[0.39,0.01],[1.411,2.002],[-3.32,0.493],[-16.609,-1.025],[-0.42,10.004],[7.54,-0.453],[4.35,1.668],[6.55,0.848],[-1.44,9.6]],"v":[[98.76,-49.451],[71.89,-20.583],[72.47,5.808],[67.11,11.411],[62.31,13.069],[60.98,12.882],[62.35,13.514],[52.949,16.364],[44.42,8.481],[12.449,23.251],[2.58,43.624],[-0.841,45.074],[-21.15,61.946],[-21.03,63.661],[-28.9,108.393],[-50.15,131.342],[-56.5,136.826],[-65.609,123.41],[-69.71,106.153],[-83.06,98.665],[-93.27,99.967],[-84.01,50.303],[-62.28,41.778],[-53.53,33.382],[-62.83,17.066],[-69.359,5.383],[-58.801,4.752],[-29.49,3.805],[-23.31,-15.541],[-5.17,-41.252],[-15.6,-91.598],[-13.2,-97.892],[51.038,-136.147],[74.243,-133.514],[85.324,-130.942],[72.672,-127.847],[34.82,-89.161],[45.59,-83.262],[60.26,-74.244],[73.33,-69.439],[82,-59.426]],"c":true},"ix":2},"nm":"Path 1","mn":"ADBE Vector Shape - Group","hd":false},{"ty":"fl","c":{"a":0,"k":[0.20000001496,0.827451040231,0.215686289469,1],"ix":4},"o":{"a":0,"k":100,"ix":5},"r":1,"bm":0,"nm":"Fill 1","mn":"ADBE Vector Graphic - Fill","hd":false},{"ty":"tr","p":{"a":0,"k":[99.01,137.077],"ix":2},"a":{"a":0,"k":[0,0],"ix":1},"s":{"a":0,"k":[100,100],"ix":3},"r":{"a":0,"k":0,"ix":6},"o":{"a":0,"k":100,"ix":7},"sk":{"a":0,"k":0,"ix":4},"sa":{"a":0,"k":0,"ix":5},"nm":"Transform"}],"nm":"Group 1","np":2,"cix":2,"bm":0,"ix":1,"mn":"ADBE Vector Group","hd":false}],"ip":105.000004276738,"op":587.000023909,"st":0,"bm":0},{"ddd":0,"ind":13,"ty":4,"nm":"Gilgit Outline","sr":1,"ks":{"o":{"a":0,"k":100,"ix":11},"r":{"a":0,"k":0,"ix":10},"p":{"a":0,"k":[783.762,321.086,0],"ix":2},"a":{"a":0,"k":[102.799,65.932,0],"ix":1},"s":{"a":1,"k":[{"i":{"x":[0.667,0.667,0.667],"y":[1,1,1]},"o":{"x":[0.333,0.333,0.333],"y":[0,0,0]},"t":30,"s":[100,100,100]},{"i":{"x":[0.667,0.667,0.667],"y":[1,1,1]},"o":{"x":[0.333,0.333,0.333],"y":[0,0,0]},"t":60,"s":[132,132,100]},{"i":{"x":[0.667,0.667,0.667],"y":[1,1,1]},"o":{"x":[0.333,0.333,0.333],"y":[0,0,0]},"t":90,"s":[132,132,100]},{"t":105.000004276738,"s":[100,100,100]}],"ix":6}},"ao":0,"ef":[{"ty":5,"nm":"Glow","np":16,"mn":"ADBE Glo2","ix":1,"en":1,"ef":[{"ty":7,"nm":"Glow Based On","mn":"ADBE Glo2-0001","ix":1,"v":{"a":0,"k":2,"ix":1}},{"ty":0,"nm":"Glow Threshold","mn":"ADBE Glo2-0002","ix":2,"v":{"a":0,"k":25.5,"ix":2}},{"ty":0,"nm":"Glow Radius","mn":"ADBE Glo2-0003","ix":3,"v":{"a":0,"k":10,"ix":3}},{"ty":0,"nm":"Glow Intensity","mn":"ADBE Glo2-0004","ix":4,"v":{"a":0,"k":1.3,"ix":4}},{"ty":7,"nm":"Composite Original","mn":"ADBE Glo2-0005","ix":5,"v":{"a":0,"k":2,"ix":5}},{"ty":7,"nm":"Glow Operation","mn":"ADBE Glo2-0006","ix":6,"v":{"a":0,"k":3,"ix":6}},{"ty":7,"nm":"Glow Colors","mn":"ADBE Glo2-0007","ix":7,"v":{"a":0,"k":2,"ix":7}},{"ty":7,"nm":"Color Looping","mn":"ADBE Glo2-0008","ix":8,"v":{"a":0,"k":3,"ix":8}},{"ty":0,"nm":"Color Loops","mn":"ADBE Glo2-0009","ix":9,"v":{"a":0,"k":1,"ix":9}},{"ty":0,"nm":"Color Phase","mn":"ADBE Glo2-0010","ix":10,"v":{"a":0,"k":0,"ix":10}},{"ty":0,"nm":"A & B Midpoint","mn":"ADBE Glo2-0011","ix":11,"v":{"a":0,"k":0.5,"ix":11}},{"ty":2,"nm":"Color A","mn":"ADBE Glo2-0012","ix":12,"v":{"a":0,"k":[0,0.894117474556,1,1],"ix":12}},{"ty":2,"nm":"Color B","mn":"ADBE Glo2-0013","ix":13,"v":{"a":0,"k":[0,0.894117474556,1,1],"ix":13}},{"ty":7,"nm":"Glow Dimensions","mn":"ADBE Glo2-0014","ix":14,"v":{"a":0,"k":1,"ix":14}}]}],"shapes":[{"ty":"gr","it":[{"ind":0,"ty":"sh","ix":1,"ks":{"a":0,"k":{"i":[[-8.453,2.676],[-9.958,-0.749],[-4.806,-17.973],[-1.014,-0.119],[4.735,-16.762],[-0.571,0.108],[-16.943,-1.76],[6.783,-4.559],[30.114,1.174],[0.215,0.471],[6.687,5.231],[0.662,1.129],[10.135,1.243],[3.939,1.132],[-0.59,5.187],[4.24,0.675],[4.058,3.757],[6.679,-0.686],[1.836,6.118],[-3.848,5.137],[-11.508,7.512],[-6.065,1.63]],"o":[[12.998,0.787],[8.817,0.663],[0.282,1.055],[17.442,2.054],[-2.179,7.711],[18.851,-3.556],[20.505,2.129],[-23.461,15.77],[-0.53,-0.258],[-3.347,-7.352],[-1.073,-0.84],[-16.808,-6.398],[-4.241,0.028],[-4.949,-1.423],[1.842,-9.759],[-5.259,-0.836],[-2.393,-6.306],[-4.844,0.497],[-1.864,-6.218],[5.572,-8.353],[6.752,-4.408],[3.421,-0.919]],"v":[[-54.356,-47.098],[-21.943,-57.154],[9.831,-45.502],[12.531,-42.928],[31.483,-13.997],[41.612,-0.345],[86.094,17.876],[86.656,32.182],[9.404,62.302],[7.947,61.362],[-7.64,45.136],[-13.548,41.901],[-40.694,36.839],[-52.579,33.754],[-57.516,24.112],[-66.35,15.242],[-80.73,10.925],[-91.008,1.103],[-104.735,-1.916],[-98.698,-21.865],[-81.943,-39.261],[-67.007,-43.96]],"c":true},"ix":2},"nm":"Path 1","mn":"ADBE Vector Shape - Group","hd":false},{"ty":"st","c":{"a":0,"k":[1,1,1,1],"ix":3},"o":{"a":0,"k":100,"ix":4},"w":{"a":0,"k":4,"ix":5},"lc":1,"lj":1,"ml":4,"bm":0,"nm":"Stroke 1","mn":"ADBE Vector Graphic - Stroke","hd":false},{"ty":"tr","p":{"a":0,"k":[106.849,63.726],"ix":2},"a":{"a":0,"k":[0,0],"ix":1},"s":{"a":0,"k":[100,100],"ix":3},"r":{"a":0,"k":0,"ix":6},"o":{"a":0,"k":100,"ix":7},"sk":{"a":0,"k":0,"ix":4},"sa":{"a":0,"k":0,"ix":5},"nm":"Transform"}],"nm":"Group 1","np":3,"cix":2,"bm":0,"ix":1,"mn":"ADBE Vector Group","hd":false},{"ty":"tm","s":{"a":1,"k":[{"i":{"x":[0.667],"y":[1]},"o":{"x":[0.333],"y":[0]},"t":8,"s":[0]},{"t":30.0000012219251,"s":[100]}],"ix":1},"e":{"a":1,"k":[{"i":{"x":[0.667],"y":[1]},"o":{"x":[0.333],"y":[0]},"t":0,"s":[0]},{"t":15.0000006109625,"s":[100]}],"ix":2},"o":{"a":0,"k":0,"ix":3},"m":1,"ix":2,"nm":"Trim Paths 1","mn":"ADBE Vector Filter - Trim","hd":false}],"ip":0,"op":30.0000012219251,"st":0,"bm":0},{"ddd":0,"ind":14,"ty":5,"nm":"gilgit","parent":15,"sr":1,"ks":{"o":{"a":0,"k":100,"ix":11},"r":{"a":0,"k":0,"ix":10},"p":{"a":0,"k":[95.037,71.347,0],"ix":2},"a":{"a":0,"k":[0,0,0],"ix":1},"s":{"a":0,"k":[100,100,100],"ix":6}},"ao":0,"t":{"d":{"k":[{"s":{"sz":[100,37],"ps":[-50,-18.5],"s":20,"f":"Montserrat-SemiBold","t":"GILGIT","j":2,"tr":-30,"lh":24,"ls":0,"fc":[1,1,1]},"t":0}]},"p":{},"m":{"g":1,"a":{"a":0,"k":[0,0],"ix":2}},"a":[]},"ip":0,"op":587.000023909,"st":0,"bm":0},{"ddd":0,"ind":15,"ty":4,"nm":"Gilgit","sr":1,"ks":{"o":{"a":0,"k":100,"ix":11},"r":{"a":0,"k":0,"ix":10},"p":{"a":0,"k":[783.762,321.086,0],"ix":2},"a":{"a":0,"k":[102.799,65.932,0],"ix":1},"s":{"a":1,"k":[{"i":{"x":[0.667,0.667,0.667],"y":[1,1,1]},"o":{"x":[0.333,0.333,0.333],"y":[0,0,0]},"t":30,"s":[100,100,100]},{"i":{"x":[0.667,0.667,0.667],"y":[1,1,1]},"o":{"x":[0.333,0.333,0.333],"y":[0,0,0]},"t":60,"s":[132,132,100]},{"i":{"x":[0.667,0.667,0.667],"y":[1,1,1]},"o":{"x":[0.333,0.333,0.333],"y":[0,0,0]},"t":90,"s":[132,132,100]},{"t":105.000004276738,"s":[100,100,100]}],"ix":6}},"ao":0,"shapes":[{"ty":"gr","it":[{"ind":0,"ty":"sh","ix":1,"ks":{"a":0,"k":{"i":[[-8.453,2.676],[-9.958,-0.749],[-4.806,-17.973],[-1.014,-0.119],[4.735,-16.762],[-0.571,0.108],[-16.943,-1.76],[6.783,-4.559],[30.114,1.174],[0.215,0.471],[6.687,5.231],[0.662,1.129],[10.135,1.243],[3.939,1.132],[-0.59,5.187],[4.24,0.675],[4.058,3.757],[6.679,-0.686],[1.836,6.118],[-3.848,5.137],[-11.508,7.512],[-6.065,1.63]],"o":[[12.998,0.787],[8.817,0.663],[0.282,1.055],[17.442,2.054],[-2.179,7.711],[18.851,-3.556],[20.505,2.129],[-23.461,15.77],[-0.53,-0.258],[-3.347,-7.352],[-1.073,-0.84],[-16.808,-6.398],[-4.241,0.028],[-4.949,-1.423],[1.842,-9.759],[-5.259,-0.836],[-2.393,-6.306],[-4.844,0.497],[-1.864,-6.218],[5.572,-8.353],[6.752,-4.408],[3.421,-0.919]],"v":[[-54.356,-47.098],[-21.943,-57.154],[9.831,-45.502],[12.531,-42.928],[31.483,-13.997],[41.612,-0.345],[86.094,17.876],[86.656,32.182],[9.404,62.302],[7.947,61.362],[-7.64,45.136],[-13.548,41.901],[-40.694,36.839],[-52.579,33.754],[-57.516,24.112],[-66.35,15.242],[-80.73,10.925],[-91.008,1.103],[-104.735,-1.916],[-98.698,-21.865],[-81.943,-39.261],[-67.007,-43.96]],"c":true},"ix":2},"nm":"Path 1","mn":"ADBE Vector Shape - Group","hd":false},{"ty":"fl","c":{"a":0,"k":[0.266666666667,0.717647058824,0.278431372549,1],"ix":4},"o":{"a":0,"k":100,"ix":5},"r":1,"bm":0,"nm":"Fill 1","mn":"ADBE Vector Graphic - Fill","hd":false},{"ty":"tr","p":{"a":0,"k":[106.849,63.726],"ix":2},"a":{"a":0,"k":[0,0],"ix":1},"s":{"a":0,"k":[100,100],"ix":3},"r":{"a":0,"k":0,"ix":6},"o":{"a":0,"k":100,"ix":7},"sk":{"a":0,"k":0,"ix":4},"sa":{"a":0,"k":0,"ix":5},"nm":"Transform"}],"nm":"Group 1","np":2,"cix":2,"bm":0,"ix":1,"mn":"ADBE Vector Group","hd":false}],"ip":0,"op":587.000023909,"st":0,"bm":0},{"ddd":0,"ind":16,"ty":5,"nm":"KPK","parent":17,"sr":1,"ks":{"o":{"a":0,"k":100,"ix":11},"r":{"a":0,"k":0,"ix":10},"p":{"a":0,"k":[124.049,126.403,0],"ix":2},"a":{"a":0,"k":[0,0,0],"ix":1},"s":{"a":0,"k":[100,100,100],"ix":6}},"ao":0,"t":{"d":{"k":[{"s":{"sz":[100,37],"ps":[-50,-18.5],"s":20,"f":"Montserrat-SemiBold","t":"KPK","j":2,"tr":-30,"lh":24,"ls":0,"fc":[1,1,1]},"t":0}]},"p":{},"m":{"g":1,"a":{"a":0,"k":[0,0],"ix":2}},"a":[]},"ip":0,"op":105.000004276738,"st":0,"bm":0},{"ddd":0,"ind":17,"ty":4,"nm":"KPK","sr":1,"ks":{"o":{"a":0,"k":100,"ix":11},"r":{"a":0,"k":0,"ix":10},"p":{"a":0,"k":[651.889,403.5,0],"ix":2},"a":{"a":0,"k":[100.938,137.403,0],"ix":1},"s":{"a":0,"k":[100,100,100],"ix":6}},"ao":0,"shapes":[{"ty":"gr","it":[{"ind":0,"ty":"sh","ix":1,"ks":{"a":0,"k":{"i":[[-5.98,-3.108],[8.599,-9.876],[2.71,-8.959],[1.79,-1.864],[2.38,1.628],[0.44,0.059],[-0.46,-0.207],[3.641,0.671],[3.31,1.776],[4.631,-16.161],[-4,-10.192],[1.031,0.226],[-0.68,-8.979],[-0.3,-0.355],[1.88,-15.006],[13.17,-2.17],[2.11,-1.825],[17.59,-4.065],[1.579,5.851],[12.82,-12.075],[3.469,-0.365],[-5.069,16.012],[-6.42,6.315],[0.86,3.838],[4.66,3.679],[-1.1,3.878],[-3.509,-0.71],[-9.521,3.838],[2.45,9.54],[-10.04,5.969],[16.45,14.295],[-1.76,1.874],[-36.309,-0.68],[-0.37,-0.711],[-1.41,-2.003],[3.28,0.198],[0.669,-15.854],[-3.98,0.237],[-0.98,-9.274],[-4.49,-0.582],[1.44,-9.619]],"o":[[-6.34,12.046],[-6.96,7.991],[-1.79,1.864],[-1.18,1.737],[-0.441,-0.059],[0.45,0.216],[-2.06,4.39],[-2.819,-2.673],[-13.9,-7.419],[-2.139,7.458],[0.03,0.069],[-9,-1.944],[0.04,0.582],[15.58,18.104],[-1.64,13.013],[-2.12,1.835],[-4.18,-3.354],[-2.37,0.552],[-0.68,-2.525],[-2,1.884],[-5.491,-18.054],[2.721,-8.613],[2.899,-2.841],[-1.33,-5.938],[-4.431,-3.503],[1.64,-5.742],[9.92,2.023],[9.67,-3.897],[-3.201,-12.461],[6.8,-18.853],[-2.67,-2.329],[25.27,-26.984],[0.39,0.01],[1.411,2.002],[-3.32,0.493],[-16.609,-1.025],[-0.42,10.004],[7.54,-0.453],[4.35,1.668],[6.55,0.848],[-1.44,9.6]],"v":[[98.76,-49.451],[71.89,-20.583],[72.47,5.808],[67.11,11.411],[62.31,13.069],[60.98,12.882],[62.35,13.514],[52.949,16.364],[44.42,8.481],[12.449,23.251],[2.58,43.624],[-0.841,45.074],[-21.15,61.946],[-21.03,63.661],[-28.9,108.393],[-50.15,131.342],[-56.5,136.826],[-65.609,123.41],[-69.71,106.153],[-83.06,98.665],[-93.27,99.967],[-84.01,50.303],[-62.28,41.778],[-53.53,33.382],[-62.83,17.066],[-69.359,5.383],[-58.801,4.752],[-29.49,3.805],[-23.31,-15.541],[-5.17,-41.252],[-15.6,-91.598],[-13.2,-97.892],[51.038,-136.147],[74.243,-133.514],[85.324,-130.942],[72.672,-127.847],[34.82,-89.161],[45.59,-83.262],[60.26,-74.244],[73.33,-69.439],[82,-59.426]],"c":true},"ix":2},"nm":"Path 1","mn":"ADBE Vector Shape - Group","hd":false},{"ty":"fl","c":{"a":0,"k":[0.20000001496,0.827451040231,0.215686289469,1],"ix":4},"o":{"a":0,"k":100,"ix":5},"r":1,"bm":0,"nm":"Fill 1","mn":"ADBE Vector Graphic - Fill","hd":false},{"ty":"tr","p":{"a":0,"k":[99.01,137.077],"ix":2},"a":{"a":0,"k":[0,0],"ix":1},"s":{"a":0,"k":[100,100],"ix":3},"r":{"a":0,"k":0,"ix":6},"o":{"a":0,"k":100,"ix":7},"sk":{"a":0,"k":0,"ix":4},"sa":{"a":0,"k":0,"ix":5},"nm":"Transform"}],"nm":"Group 1","np":2,"cix":2,"bm":0,"ix":1,"mn":"ADBE Vector Group","hd":false}],"ip":0,"op":105.000004276738,"st":0,"bm":0},{"ddd":0,"ind":18,"ty":5,"nm":"PUNJAB","parent":19,"sr":1,"ks":{"o":{"a":0,"k":100,"ix":11},"r":{"a":0,"k":0,"ix":10},"p":{"a":0,"k":[124.537,196.04,0],"ix":2},"a":{"a":0,"k":[0,0,0],"ix":1},"s":{"a":0,"k":[100,100,100],"ix":6}},"ao":0,"t":{"d":{"k":[{"s":{"sz":[100,37],"ps":[-50,-18.5],"s":20,"f":"Montserrat-SemiBold","t":"PUNJAB","j":2,"tr":-30,"lh":24,"ls":0,"fc":[1,1,1]},"t":0}]},"p":{},"m":{"g":1,"a":{"a":0,"k":[0,0],"ix":2}},"a":[]},"ip":0,"op":245.000009979055,"st":0,"bm":0},{"ddd":0,"ind":19,"ty":4,"nm":"Punjab Outlines","sr":1,"ks":{"o":{"a":0,"k":100,"ix":11},"r":{"a":0,"k":0,"ix":10},"p":{"a":0,"k":[679.505,524.701,0],"ix":2},"a":{"a":0,"k":[119.042,171.242,0],"ix":1},"s":{"a":0,"k":[100,100,100],"ix":6}},"ao":0,"shapes":[{"ty":"gr","it":[{"ind":0,"ty":"sh","ix":1,"ks":{"a":0,"k":{"i":[[6.07,-1.7],[5.57,-4.66],[-1.59,-4.59],[10.8,-16.47],[7.34,-27],[2.04,-0.561],[10.69,-16.2],[5.14,-0.68],[5.74,-2.45],[5.17,11.101],[5.59,-3.79],[2.11,6.299],[8.45,2.62],[-4.04,6.87],[4.81,6.51],[-5.15,4.56],[2.71,12.19],[-3.82,4.321],[0.06,6.94],[-2.11,2.17],[-3.65,11.74],[-5.97,8.55],[1.59,2.67],[-9.95,7.79],[-0.61,1.98],[-1.73,-0.27],[-3.11,5.85],[-5.24,6.43],[-5.8,-3.19],[-4.46,-5.5],[-0.19,-0.26],[-2.61,0.93],[-1.04,0.36],[-0.111,0.68],[-3.22,0.34],[1.319,6.43],[-1.5,1.85],[-8.201,10.26],[-0.83,0.32],[-10.55,-19.88],[12.289,2.12],[5.49,-11.77],[-15.2,1.75],[0.06,-3.01],[1.54,-0.65],[-8.04,-6.18],[0.31,-0.45],[-1.79,-10.94],[-12.299,-5.84]],"o":[[-6.7,1.88],[-3.23,2.72],[7.45,21.45],[-14.56,22.19],[-0.63,2.311],[-22.48,6.219],[-3.11,4.7],[-6.32,0.84],[-8.71,3.72],[-5.22,-11.189],[-7.58,-0.07],[-2.85,-8.46],[-4.243,-9.49],[3.58,-6.07],[-3.54,-4.79],[7.98,-7.06],[-1.19,-5.37],[3.222,-7.43],[0.72,-3.08],[12.25,-2.71],[2.96,-9.53],[2.02,-2.88],[-6.68,-11.29],[1.76,-1.39],[0.53,-1.76],[11.76,1.89],[4.151,-7.79],[3.58,-4.4],[6.11,3.35],[0.21,0.25],[2.61,-0.93],[1.04,-0.36],[-0.04,-0.63],[0.919,-3.31],[-3.319,-5.92],[-0.481,-2.3],[8.27,-10.17],[0.409,-0.52],[20.7,1.68],[-12.05,-3.46],[-13.281,-2.29],[11.3,0.89],[2.38,-0.27],[-0.04,1.95],[-10.47,4.34],[0.84,0.64],[-10.66,15.38],[9.35,10.04],[6.33,3.01]],"v":[[108.43,-27.976],[89.34,-20.346],[83.84,-10.226],[67.5,40.825],[22.88,106.855],[18.04,112.795],[-19.78,156.644],[-32.35,163.274],[-51.06,167.064],[-70.34,161.105],[-87.78,163.135],[-102.13,152.045],[-119.34,135.325],[-112.18,112.144],[-109.64,95.184],[-108.68,79.255],[-97.15,53.695],[-91.68,36.015],[-87.705,16.615],[-85.115,8.739],[-60.46,-13.495],[-48.14,-41.585],[-49.2,-49.675],[-45.16,-73.105],[-41.99,-78.185],[-38.65,-81.835],[-23.2,-97.476],[-6.71,-116.705],[7.44,-118.765],[24.06,-106.795],[24.66,-106.045],[32.48,-108.835],[35.6,-109.925],[35.701,-111.885],[42.02,-117.226],[37.491,-136.395],[39.37,-143.045],[66.451,-171.425],[68.93,-172.205],[118.46,-144.615],[82.241,-154.715],[54.58,-137.645],[67.12,-119.825],[72.35,-116.565],[69.43,-110.945],[67.75,-95.346],[69.29,-92.395],[80.12,-61.365],[113.54,-39.715]],"c":true},"ix":2},"nm":"Path 1","mn":"ADBE Vector Shape - Group","hd":false},{"ty":"fl","c":{"a":0,"k":[0,0.752941176471,0.230311539594,1],"ix":4},"o":{"a":0,"k":100,"ix":5},"r":1,"bm":0,"nm":"Fill 1","mn":"ADBE Vector Graphic - Fill","hd":false},{"ty":"tr","p":{"a":0,"k":[120.12,172.456],"ix":2},"a":{"a":0,"k":[0,0],"ix":1},"s":{"a":0,"k":[100,100],"ix":3},"r":{"a":0,"k":0,"ix":6},"o":{"a":0,"k":100,"ix":7},"sk":{"a":0,"k":0,"ix":4},"sa":{"a":0,"k":0,"ix":5},"nm":"Transform"}],"nm":"Group 1","np":2,"cix":2,"bm":0,"ix":1,"mn":"ADBE Vector Group","hd":false}],"ip":0,"op":245.000009979055,"st":0,"bm":0},{"ddd":0,"ind":20,"ty":5,"nm":"Balochsitan","parent":21,"sr":1,"ks":{"o":{"a":0,"k":100,"ix":11},"r":{"a":0,"k":0,"ix":10},"p":{"a":0,"k":[208.101,178.354,0],"ix":2},"a":{"a":0,"k":[0,0,0],"ix":1},"s":{"a":0,"k":[100,100,100],"ix":6}},"ao":0,"t":{"d":{"k":[{"s":{"sz":[153,37],"ps":[-103,-18.5],"s":20,"f":"Montserrat-SemiBold","t":"BALOCHSITAN","j":2,"tr":-30,"lh":24,"ls":0,"fc":[1,1,1]},"t":0}]},"p":{},"m":{"g":1,"a":{"a":0,"k":[0,0],"ix":2}},"a":[]},"ip":0,"op":355.000014459446,"st":0,"bm":0},{"ddd":0,"ind":21,"ty":4,"nm":"Balochistan Outlines","sr":1,"ks":{"o":{"a":0,"k":100,"ix":11},"r":{"a":0,"k":0,"ix":10},"p":{"a":0,"k":[411.568,655.613,0],"ix":2},"a":{"a":0,"k":[182.669,161.467,0],"ix":1},"s":{"a":0,"k":[100,100,100],"ix":6}},"ao":0,"shapes":[{"ty":"gr","it":[{"ind":0,"ty":"sh","ix":1,"ks":{"a":0,"k":{"i":[[7.42,2.419],[26.108,-4.311],[25.887,8.15],[11.633,3.11],[11.688,-1.174],[4.421,-1.421],[-0.557,4.326],[-6.918,9.688],[-15.867,-0.361],[3.197,12.824],[4.027,-1.186],[-0.523,7.526],[3.256,10.994],[7.005,1.212],[7.656,16.664],[1.06,1.147],[2.62,7.534],[-6.785,-3.502],[-29.714,2.515],[-26.884,7.99],[3.629,10.087],[-4.985,4.663],[-2.749,5.039],[-7.515,-5.977],[-8.695,3.725],[0.193,0.643],[-4.265,1.091],[-11.725,-0.034],[-7.499,-4.195],[-5.89,4.964],[-4.502,2.693],[-1.831,-4.453],[-2.456,-7.884],[-1.303,0.402],[1.201,-7.692],[-0.592,-2.908],[4.268,-6.566],[-1.139,-7.666],[6.226,-5.999],[-4.23,-6.765],[2.535,-4.14],[3.075,-8.683],[4.647,0.628],[11.154,-11.309],[4.969,-0.704],[1.763,-9.002],[-10.231,-16.178],[7.855,-10.308],[4.42,-5.811]],"o":[[0.698,-20.879],[-25.489,4.209],[-10.976,-3.456],[-10.868,-2.906],[-4.392,0.442],[-6.758,2.172],[1.662,-12.929],[7.672,-10.745],[13.03,0.297],[-1.288,-5.164],[-7.28,2.143],[0.816,-11.749],[-1.561,-5.268],[-21.753,-3.762],[-0.695,-1.514],[-5.195,-5.617],[7.467,2.184],[28.134,14.525],[27.779,-2.351],[10.491,-3.118],[-2.836,-7.882],[4.022,-3.762],[1.7,-3.115],[8.348,6.639],[0.463,-0.198],[-0.83,-2.764],[10.12,-2.589],[8.904,0.025],[7.8,4.365],[4.196,-3.244],[8.494,-7.443],[2.322,8.8],[0.615,1.975],[6.581,-2.032],[0.153,2.899],[1.067,7.424],[-3.681,5.663],[1.271,8.552],[-5.678,5.473],[2.913,4.655],[-4.855,7.93],[-4.061,4.042],[-16.572,-2.238],[-3.506,3.555],[-10.768,1.526],[-3.353,17.108],[6.898,10.908],[-4.482,5.883],[-3.714,4.882]],"v":[[41.473,158.436],[6.783,137.893],[-70.679,140.387],[-99.531,145.91],[-134.604,146.748],[-147.37,152.374],[-156.235,144.565],[-148.046,106.73],[-111.85,86.234],[-92.136,62.969],[-102.393,59.856],[-110.396,52.285],[-112.174,17.059],[-131.057,5.835],[-167.293,-31.498],[-169.244,-36.074],[-182.914,-54.31],[-160.616,-47.561],[-73.123,-38.755],[9.264,-51.72],[27.287,-85.251],[32.699,-104.394],[43.144,-116.416],[55.166,-119.25],[82.008,-123.428],[82.636,-125.636],[77.324,-130.059],[103.587,-143.743],[125.59,-136.766],[142.834,-150.599],[154.839,-153.412],[166.449,-154.325],[170.988,-131.323],[172.288,-128.668],[181.714,-122.857],[181.373,-114.212],[176.821,-93.643],[172.326,-73.948],[162.891,-51.528],[160.068,-33.803],[158.649,-20.834],[148.126,4.658],[134.087,7.354],[93.575,23.064],[81.184,30.823],[63.576,48.872],[68.365,99.44],[66.809,131.957],[56.313,150.969]],"c":true},"ix":2},"nm":"Path 1","mn":"ADBE Vector Shape - Group","hd":false},{"ty":"fl","c":{"a":0,"k":[0.219607858097,0.647058823529,0.270588235294,1],"ix":4},"o":{"a":0,"k":100,"ix":5},"r":1,"bm":0,"nm":"Fill 1","mn":"ADBE Vector Graphic - Fill","hd":false},{"ty":"tr","p":{"a":0,"k":[183.164,161.105],"ix":2},"a":{"a":0,"k":[0,0],"ix":1},"s":{"a":0,"k":[100,100],"ix":3},"r":{"a":0,"k":0,"ix":6},"o":{"a":0,"k":100,"ix":7},"sk":{"a":0,"k":0,"ix":4},"sa":{"a":0,"k":0,"ix":5},"nm":"Transform"}],"nm":"Group 1","np":2,"cix":2,"bm":0,"ix":1,"mn":"ADBE Vector Group","hd":false}],"ip":0,"op":355.000014459446,"st":0,"bm":0},{"ddd":0,"ind":22,"ty":5,"nm":"Sindh","parent":23,"sr":1,"ks":{"o":{"a":0,"k":100,"ix":11},"r":{"a":0,"k":0,"ix":10},"p":{"a":0,"k":[85.687,133.863,0],"ix":2},"a":{"a":0,"k":[0,0,0],"ix":1},"s":{"a":0,"k":[100,100,100],"ix":6}},"ao":0,"t":{"d":{"k":[{"s":{"sz":[100,37],"ps":[-50,-18.5],"s":20,"f":"Montserrat-SemiBold","t":"SINDH","j":2,"tr":-30,"lh":24,"ls":0,"fc":[1,1,1]},"t":0}]},"p":{},"m":{"g":1,"a":{"a":0,"k":[0,0],"ix":2}},"a":[]},"ip":0,"op":479.00001951007,"st":0,"bm":0},{"ddd":0,"ind":23,"ty":4,"nm":"Sindh Outlines","sr":1,"ks":{"o":{"a":0,"k":100,"ix":11},"r":{"a":0,"k":0,"ix":10},"p":{"a":0,"k":[540,762.778,0],"ix":2},"a":{"a":0,"k":[87.687,112.141,0],"ix":1},"s":{"a":0,"k":[100,100,100],"ix":6}},"ao":0,"shapes":[{"ty":"gr","it":[{"ind":0,"ty":"sh","ix":1,"ks":{"a":0,"k":{"i":[[-1.68,0.357],[-2.011,-7.906],[-7.7,-3.964],[8.993,-9.034],[-14.221,0.015],[1.614,-7.504],[-12.861,1.458],[0.226,-2.877],[-1.352,-13.709],[10.642,-4.761],[2.074,3.428],[5.692,-2.693],[3.207,2.03],[12.581,3.371],[-0.181,-1.564],[0.399,-16.518],[0.779,21.958],[7.131,1.905],[-1.409,5.752],[9.464,21.801],[-12.828,4.163],[-31.681,-9.741]],"o":[[8.245,-1.968],[2.185,8.589],[-5.752,11.266],[-10.28,10.326],[18.287,-0.02],[-2.727,12.68],[2.021,-0.228],[-1.214,15.447],[0.612,6.217],[-3.821,1.709],[-7.739,-12.798],[-4.117,1.948],[-12.487,-7.905],[-3.093,-0.828],[2.346,20.166],[-20.868,-1.904],[-0.421,-11.87],[-2.274,-0.607],[22.753,-10.203],[-8.964,-16.654],[25.184,-8.173],[1.434,0.44]],"v":[[19.915,-99.633],[35.853,-90.387],[50.473,-71.82],[27.986,-41.986],[37.411,-15.566],[47.798,3.65],[64.548,24.487],[69.353,25.856],[83.643,64.764],[78.027,85.691],[67.817,85.778],[47.207,86.992],[35.533,89.788],[-3.129,85.821],[-5.999,88.238],[-30.84,107.584],[-66.246,73.597],[-81.975,60.68],[-87.259,55.434],[-65.195,-6.341],[-59.134,-70.66],[14.908,-98.663]],"c":true},"ix":2},"nm":"Path 1","mn":"ADBE Vector Shape - Group","hd":false},{"ty":"fl","c":{"a":0,"k":[0.074509803922,0.486274539723,0.113725497676,1],"ix":4},"o":{"a":0,"k":100,"ix":5},"r":1,"bm":0,"nm":"Fill 1","mn":"ADBE Vector Graphic - Fill","hd":false},{"ty":"tr","p":{"a":0,"k":[88.918,108.653],"ix":2},"a":{"a":0,"k":[0,0],"ix":1},"s":{"a":0,"k":[100,100],"ix":3},"r":{"a":0,"k":0,"ix":6},"o":{"a":0,"k":100,"ix":7},"sk":{"a":0,"k":0,"ix":4},"sa":{"a":0,"k":0,"ix":5},"nm":"Transform"}],"nm":"Group 1","np":2,"cix":2,"bm":0,"ix":1,"mn":"ADBE Vector Group","hd":false}],"ip":0,"op":479.00001951007,"st":0,"bm":0}],"markers":[],"chars":[{"ch":"S","size":20,"style":"SemiBold","w":62.9,"data":{"shapes":[{"ty":"gr","it":[{"ind":0,"ty":"sh","ix":1,"ks":{"a":0,"k":{"i":[[-10.977,0],[0,11.279],[0,15.005],[-10.876,0],[-6.345,-3.726],[0,0],[8.459,0],[0,-11.38],[0,-15.207],[10.977,0],[5.64,4.532],[0,0]],"o":[[19.336,0],[0,-25.882],[0,-5.338],[6.143,0],[0,0],[-6.143,-4.028],[-19.336,0],[0,26.184],[0,5.237],[-8.661,0],[0,0],[5.841,5.035]],"v":[[31.32,1.007],[59.821,-19.94],[18.027,-51.059],[33.334,-60.626],[52.771,-55.087],[56.9,-65.259],[33.435,-71.503],[5.035,-50.455],[46.93,-19.034],[31.32,-9.869],[8.057,-17.624],[3.525,-7.452]],"c":true},"ix":2},"nm":"S","mn":"ADBE Vector Shape - Group","hd":false}],"nm":"S","np":3,"cix":2,"bm":0,"ix":1,"mn":"ADBE Vector Group","hd":false}]},"fFamily":"Montserrat"},{"ch":"I","size":20,"style":"SemiBold","w":31.9,"data":{"shapes":[{"ty":"gr","it":[{"ind":0,"ty":"sh","ix":1,"ks":{"a":0,"k":{"i":[[0,0],[0,0],[0,0],[0,0]],"o":[[0,0],[0,0],[0,0],[0,0]],"v":[[9.467,0],[22.559,0],[22.559,-70.496],[9.467,-70.496]],"c":true},"ix":2},"nm":"I","mn":"ADBE Vector Shape - Group","hd":false}],"nm":"I","np":3,"cix":2,"bm":0,"ix":1,"mn":"ADBE Vector Group","hd":false}]},"fFamily":"Montserrat"},{"ch":"N","size":20,"style":"SemiBold","w":81,"data":{"shapes":[{"ty":"gr","it":[{"ind":0,"ty":"sh","ix":1,"ks":{"a":0,"k":{"i":[[0,0],[0,0],[0,0],[0,0],[0,0],[0,0],[0,0],[0,0],[0,0],[0,0]],"o":[[0,0],[0,0],[0,0],[0,0],[0,0],[0,0],[0,0],[0,0],[0,0],[0,0]],"v":[[59.116,-70.496],[59.116,-22.76],[20.242,-70.496],[9.467,-70.496],[9.467,0],[22.458,0],[22.458,-47.736],[61.331,0],[72.107,0],[72.107,-70.496]],"c":true},"ix":2},"nm":"N","mn":"ADBE Vector Shape - Group","hd":false}],"nm":"N","np":3,"cix":2,"bm":0,"ix":1,"mn":"ADBE Vector Group","hd":false}]},"fFamily":"Montserrat"},{"ch":"D","size":20,"style":"SemiBold","w":82.6,"data":{"shapes":[{"ty":"gr","it":[{"ind":0,"ty":"sh","ix":1,"ks":{"a":0,"k":{"i":[[0,0],[0,0],[0,21.149],[22.861,0],[0,0]],"o":[[0,0],[22.861,0],[0,-21.149],[0,0],[0,0]],"v":[[9.467,0],[40.283,0],[78.754,-35.248],[40.283,-70.496],[9.467,-70.496]],"c":true},"ix":2},"nm":"D","mn":"ADBE Vector Shape - Group","hd":false},{"ind":1,"ty":"sh","ix":2,"ks":{"a":0,"k":{"i":[[0,0],[0,0],[0,0],[0,-14.603],[15.71,0]],"o":[[0,0],[0,0],[15.71,0],[0,14.603],[0,0]],"v":[[22.559,-11.078],[22.559,-59.418],[39.679,-59.418],[65.561,-35.248],[39.679,-11.078]],"c":true},"ix":2},"nm":"D","mn":"ADBE Vector Shape - Group","hd":false}],"nm":"D","np":5,"cix":2,"bm":0,"ix":1,"mn":"ADBE Vector Group","hd":false}]},"fFamily":"Montserrat"},{"ch":"H","size":20,"style":"SemiBold","w":81,"data":{"shapes":[{"ty":"gr","it":[{"ind":0,"ty":"sh","ix":1,"ks":{"a":0,"k":{"i":[[0,0],[0,0],[0,0],[0,0],[0,0],[0,0],[0,0],[0,0],[0,0],[0,0],[0,0],[0,0]],"o":[[0,0],[0,0],[0,0],[0,0],[0,0],[0,0],[0,0],[0,0],[0,0],[0,0],[0,0],[0,0]],"v":[[59.015,-70.496],[59.015,-41.391],[22.559,-41.391],[22.559,-70.496],[9.467,-70.496],[9.467,0],[22.559,0],[22.559,-30.212],[59.015,-30.212],[59.015,0],[72.107,0],[72.107,-70.496]],"c":true},"ix":2},"nm":"H","mn":"ADBE Vector Shape - Group","hd":false}],"nm":"H","np":3,"cix":2,"bm":0,"ix":1,"mn":"ADBE Vector Group","hd":false}]},"fFamily":"Montserrat"},{"ch":"B","size":20,"style":"SemiBold","w":76.1,"data":{"shapes":[{"ty":"gr","it":[{"ind":0,"ty":"sh","ix":1,"ks":{"a":0,"k":{"i":[[7.553,2.417],[0,7.251],[16.919,0],[0,0],[0,0],[0,0],[0,12.085]],"o":[[5.438,-2.921],[0,-11.179],[0,0],[0,0],[0,0],[18.127,0],[0,-9.164]],"v":[[59.418,-36.658],[68.481,-52.167],[42.499,-70.496],[9.467,-70.496],[9.467,0],[44.513,0],[72.107,-19.135]],"c":true},"ix":2},"nm":"B","mn":"ADBE Vector Shape - Group","hd":false},{"ind":1,"ty":"sh","ix":2,"ks":{"a":0,"k":{"i":[[0,0],[0,-6.546],[9.064,0],[0,0],[0,0]],"o":[[9.064,0],[0,6.445],[0,0],[0,0],[0,0]],"v":[[41.089,-60.223],[55.289,-50.455],[41.089,-40.787],[22.559,-40.787],[22.559,-60.223]],"c":true},"ix":2},"nm":"B","mn":"ADBE Vector Shape - Group","hd":false},{"ind":2,"ty":"sh","ix":3,"ks":{"a":0,"k":{"i":[[9.869,0],[0,0],[0,0],[0,0],[0,-7.05]],"o":[[0,0],[0,0],[0,0],[9.869,0],[0,7.05]],"v":[[43.707,-10.272],[22.559,-10.272],[22.559,-30.615],[43.707,-30.615],[58.914,-20.444]],"c":true},"ix":2},"nm":"B","mn":"ADBE Vector Shape - Group","hd":false}],"nm":"B","np":6,"cix":2,"bm":0,"ix":1,"mn":"ADBE Vector Group","hd":false}]},"fFamily":"Montserrat"},{"ch":"A","size":20,"style":"SemiBold","w":76.7,"data":{"shapes":[{"ty":"gr","it":[{"ind":0,"ty":"sh","ix":1,"ks":{"a":0,"k":{"i":[[0,0],[0,0],[0,0],[0,0],[0,0],[0,0],[0,0],[0,0]],"o":[[0,0],[0,0],[0,0],[0,0],[0,0],[0,0],[0,0],[0,0]],"v":[[62.238,0],[75.934,0],[44.11,-70.496],[31.219,-70.496],[-0.504,0],[12.991,0],[19.94,-16.315],[55.188,-16.315]],"c":true},"ix":2},"nm":"A","mn":"ADBE Vector Shape - Group","hd":false},{"ind":1,"ty":"sh","ix":2,"ks":{"a":0,"k":{"i":[[0,0],[0,0],[0,0]],"o":[[0,0],[0,0],[0,0]],"v":[[24.371,-26.587],[37.564,-57.404],[50.858,-26.587]],"c":true},"ix":2},"nm":"A","mn":"ADBE Vector Shape - Group","hd":false}],"nm":"A","np":5,"cix":2,"bm":0,"ix":1,"mn":"ADBE Vector Group","hd":false}]},"fFamily":"Montserrat"},{"ch":"L","size":20,"style":"SemiBold","w":59.9,"data":{"shapes":[{"ty":"gr","it":[{"ind":0,"ty":"sh","ix":1,"ks":{"a":0,"k":{"i":[[0,0],[0,0],[0,0],[0,0],[0,0],[0,0]],"o":[[0,0],[0,0],[0,0],[0,0],[0,0],[0,0]],"v":[[9.467,0],[59.418,0],[59.418,-11.078],[22.559,-11.078],[22.559,-70.496],[9.467,-70.496]],"c":true},"ix":2},"nm":"L","mn":"ADBE Vector Shape - Group","hd":false}],"nm":"L","np":3,"cix":2,"bm":0,"ix":1,"mn":"ADBE Vector Group","hd":false}]},"fFamily":"Montserrat"},{"ch":"O","size":20,"style":"SemiBold","w":84.2,"data":{"shapes":[{"ty":"gr","it":[{"ind":0,"ty":"sh","ix":1,"ks":{"a":0,"k":{"i":[[-21.854,0],[0,20.947],[21.854,0],[0,-20.847]],"o":[[21.854,0],[0,-20.947],[-21.854,0],[0,20.847]],"v":[[42.398,1.007],[80.365,-35.248],[42.398,-71.503],[4.431,-35.248]],"c":true},"ix":2},"nm":"O","mn":"ADBE Vector Shape - Group","hd":false},{"ind":1,"ty":"sh","ix":2,"ks":{"a":0,"k":{"i":[[14.2,0],[0,14.401],[-14.2,0],[0,-14.401]],"o":[[-14.2,0],[0,-14.401],[14.2,0],[0,14.401]],"v":[[42.398,-10.474],[17.624,-35.248],[42.398,-60.022],[67.172,-35.248]],"c":true},"ix":2},"nm":"O","mn":"ADBE Vector Shape - Group","hd":false}],"nm":"O","np":5,"cix":2,"bm":0,"ix":1,"mn":"ADBE Vector Group","hd":false}]},"fFamily":"Montserrat"},{"ch":"C","size":20,"style":"SemiBold","w":71.2,"data":{"shapes":[{"ty":"gr","it":[{"ind":0,"ty":"sh","ix":1,"ks":{"a":0,"k":{"i":[[-21.552,0],[-6.546,7.654],[0,0],[7.352,0],[0,14.502],[-14.603,0],[-5.136,-5.539],[0,0],[11.481,0],[0,-21.048]],"o":[[11.581,0],[0,0],[-5.136,5.64],[-14.603,0],[0,-14.502],[7.352,0],[0,0],[-6.546,-7.654],[-21.652,0],[0,21.048]],"v":[[42.096,1.007],[70.093,-10.776],[61.633,-18.832],[42.801,-10.474],[17.624,-35.248],[42.801,-60.022],[61.633,-51.764],[70.093,-59.72],[42.197,-71.503],[4.431,-35.248]],"c":true},"ix":2},"nm":"C","mn":"ADBE Vector Shape - Group","hd":false}],"nm":"C","np":3,"cix":2,"bm":0,"ix":1,"mn":"ADBE Vector Group","hd":false}]},"fFamily":"Montserrat"},{"ch":"T","size":20,"style":"SemiBold","w":61.2,"data":{"shapes":[{"ty":"gr","it":[{"ind":0,"ty":"sh","ix":1,"ks":{"a":0,"k":{"i":[[0,0],[0,0],[0,0],[0,0],[0,0],[0,0],[0,0],[0,0]],"o":[[0,0],[0,0],[0,0],[0,0],[0,0],[0,0],[0,0],[0,0]],"v":[[23.767,0],[36.859,0],[36.859,-59.418],[60.223,-59.418],[60.223,-70.496],[0.403,-70.496],[0.403,-59.418],[23.767,-59.418]],"c":true},"ix":2},"nm":"T","mn":"ADBE Vector Shape - Group","hd":false}],"nm":"T","np":3,"cix":2,"bm":0,"ix":1,"mn":"ADBE Vector Group","hd":false}]},"fFamily":"Montserrat"},{"ch":"P","size":20,"style":"SemiBold","w":71.6,"data":{"shapes":[{"ty":"gr","it":[{"ind":0,"ty":"sh","ix":1,"ks":{"a":0,"k":{"i":[[18.53,0],[0,0],[0,0],[0,0],[0,0],[0,0],[0,15.509]],"o":[[0,0],[0,0],[0,0],[0,0],[0,0],[18.53,0],[0,-15.61]],"v":[[38.47,-70.496],[9.467,-70.496],[9.467,0],[22.559,0],[22.559,-20.343],[38.47,-20.343],[68.481,-45.419]],"c":true},"ix":2},"nm":"P","mn":"ADBE Vector Shape - Group","hd":false},{"ind":1,"ty":"sh","ix":2,"ks":{"a":0,"k":{"i":[[11.481,0],[0,0],[0,0],[0,0],[0,-8.862]],"o":[[0,0],[0,0],[0,0],[11.481,0],[0,8.862]],"v":[[37.866,-31.421],[22.559,-31.421],[22.559,-59.418],[37.866,-59.418],[55.289,-45.419]],"c":true},"ix":2},"nm":"P","mn":"ADBE Vector Shape - Group","hd":false}],"nm":"P","np":5,"cix":2,"bm":0,"ix":1,"mn":"ADBE Vector Group","hd":false}]},"fFamily":"Montserrat"},{"ch":"U","size":20,"style":"SemiBold","w":78.9,"data":{"shapes":[{"ty":"gr","it":[{"ind":0,"ty":"sh","ix":1,"ks":{"a":0,"k":{"i":[[-19.336,0],[0,20.544],[0,0],[0,0],[0,0],[11.38,0],[0,14.502],[0,0],[0,0],[0,0]],"o":[[19.235,0],[0,0],[0,0],[0,0],[0,14.502],[-11.38,0],[0,0],[0,0],[0,0],[0,20.544]],"v":[[39.78,1.007],[70.596,-30.716],[70.596,-70.496],[57.706,-70.496],[57.706,-31.219],[39.88,-10.474],[21.954,-31.219],[21.954,-70.496],[8.862,-70.496],[8.862,-30.716]],"c":true},"ix":2},"nm":"U","mn":"ADBE Vector Shape - Group","hd":false}],"nm":"U","np":3,"cix":2,"bm":0,"ix":1,"mn":"ADBE Vector Group","hd":false}]},"fFamily":"Montserrat"},{"ch":"J","size":20,"style":"SemiBold","w":52.7,"data":{"shapes":[{"ty":"gr","it":[{"ind":0,"ty":"sh","ix":1,"ks":{"a":0,"k":{"i":[[-8.862,0],[0,16.617],[0,0],[0,0],[0,0],[0,0],[0,0],[7.251,0],[3.827,5.237],[0,0]],"o":[[15.509,0],[0,0],[0,0],[0,0],[0,0],[0,0],[0,8.661],[-5.539,0],[0,0],[4.834,6.546]],"v":[[20.444,1.007],[44.211,-23.767],[44.211,-70.496],[6.042,-70.496],[6.042,-59.518],[31.119,-59.518],[31.119,-23.062],[20.142,-10.071],[6.143,-18.127],[-1.309,-9.164]],"c":true},"ix":2},"nm":"J","mn":"ADBE Vector Shape - Group","hd":false}],"nm":"J","np":3,"cix":2,"bm":0,"ix":1,"mn":"ADBE Vector Group","hd":false}]},"fFamily":"Montserrat"},{"ch":"K","size":20,"style":"SemiBold","w":72.9,"data":{"shapes":[{"ty":"gr","it":[{"ind":0,"ty":"sh","ix":1,"ks":{"a":0,"k":{"i":[[0,0],[0,0],[0,0],[0,0],[0,0],[0,0],[0,0],[0,0],[0,0],[0,0],[0,0],[0,0]],"o":[[0,0],[0,0],[0,0],[0,0],[0,0],[0,0],[0,0],[0,0],[0,0],[0,0],[0,0],[0,0]],"v":[[58.612,0],[73.92,0],[42.499,-38.974],[72.107,-70.496],[57.404,-70.496],[22.559,-34.341],[22.559,-70.496],[9.467,-70.496],[9.467,0],[22.559,0],[22.559,-18.027],[33.737,-29.507]],"c":true},"ix":2},"nm":"K","mn":"ADBE Vector Shape - Group","hd":false}],"nm":"K","np":3,"cix":2,"bm":0,"ix":1,"mn":"ADBE Vector Group","hd":false}]},"fFamily":"Montserrat"},{"ch":"G","size":20,"style":"SemiBold","w":77.2,"data":{"shapes":[{"ty":"gr","it":[{"ind":0,"ty":"sh","ix":1,"ks":{"a":0,"k":{"i":[[0,0],[5.035,0],[0,14.301],[-15.005,0],[-5.539,-5.539],[0,0],[11.783,0],[0,-21.048],[-21.854,0],[-7.352,5.942],[0,0],[0,0]],"o":[[-4.532,2.618],[-14.905,0],[0,-14.603],[7.553,0],[0,0],[-6.647,-7.553],[-22.055,0],[0,21.048],[9.97,0],[0,0],[0,0],[0,0]],"v":[[57.605,-14.099],[43.103,-10.474],[17.624,-35.248],[43.204,-60.022],[62.64,-51.965],[70.898,-60.022],[42.599,-71.503],[4.431,-35.248],[42.398,1.007],[69.992,-7.956],[69.992,-36.053],[57.605,-36.053]],"c":true},"ix":2},"nm":"G","mn":"ADBE Vector Shape - Group","hd":false}],"nm":"G","np":3,"cix":2,"bm":0,"ix":1,"mn":"ADBE Vector Group","hd":false}]},"fFamily":"Montserrat"}]}