{"v":"5.3.4","fr":25,"ip":0,"op":134,"w":72,"h":72,"nm":"Comp 1","ddd":0,"assets":[],"layers":[{"ddd":0,"ind":1,"ty":4,"nm":"Shape Layer 2","parent":2,"sr":1,"ks":{"o":{"a":0,"k":100,"ix":11},"r":{"a":0,"k":0,"ix":10},"p":{"a":0,"k":[-0.125,17.5,0],"ix":2},"a":{"a":0,"k":[-18.125,9.25,0],"ix":1},"s":{"a":0,"k":[100,100,100],"ix":6}},"ao":0,"shapes":[{"ind":0,"ty":"sh","ix":1,"ks":{"a":0,"k":{"i":[[0,0],[0,0],[0,0]],"o":[[0,0],[0,0],[0,0]],"v":[[-24.452,3.003],[-18.043,9.497],[-11.548,3.003]],"c":false},"ix":2},"nm":"Path 1","mn":"ADBE Vector Shape - Group","hd":false},{"ty":"tm","s":{"a":1,"k":[{"i":{"x":[0],"y":[1]},"o":{"x":[0.333],"y":[0]},"n":["0_1_0p333_0"],"t":28,"s":[0],"e":[100]},{"i":{"x":[0],"y":[1]},"o":{"x":[0.333],"y":[0]},"n":["0_1_0p333_0"],"t":40,"s":[100],"e":[100]},{"i":{"x":[0.833],"y":[1]},"o":{"x":[0.167],"y":[0]},"n":["0p833_1_0p167_0"],"t":75,"s":[100],"e":[0]},{"t":84}],"ix":1},"e":{"a":0,"k":0,"ix":2},"o":{"a":0,"k":0,"ix":3},"m":1,"ix":2,"nm":"Trim Paths 1","mn":"ADBE Vector Filter - Trim","hd":false},{"ty":"st","c":{"a":0,"k":[0,0.682352701823,1,1],"ix":3},"o":{"a":0,"k":100,"ix":4},"w":{"a":0,"k":2,"ix":5},"lc":1,"lj":1,"ml":4,"ml2":{"a":0,"k":4,"ix":8},"nm":"Stroke 1","mn":"ADBE Vector Graphic - Stroke","hd":false}],"ip":16,"op":141,"st":16,"bm":0},{"ddd":0,"ind":2,"ty":4,"nm":"Shape Layer 1","sr":1,"ks":{"o":{"a":0,"k":100,"ix":11},"r":{"a":0,"k":0,"ix":10},"p":{"a":1,"k":[{"i":{"x":0.095,"y":1},"o":{"x":0.333,"y":0},"n":"0p095_1_0p333_0","t":26,"s":[36,36,0],"e":[36,44,0],"to":[0,1.33333337306976,0],"ti":[0,0,0]},{"i":{"x":0.095,"y":1},"o":{"x":0.333,"y":0},"n":"0p095_1_0p333_0","t":35.32,"s":[36,44,0],"e":[36,36,0],"to":[0,0,0],"ti":[0,0,0]},{"i":{"x":0.095,"y":1},"o":{"x":0.333,"y":0},"n":"0p095_1_0p333_0","t":44.642,"s":[36,36,0],"e":[36,44,0],"to":[0,0,0],"ti":[0,0,0]},{"i":{"x":0.095,"y":1},"o":{"x":0.333,"y":0},"n":"0p095_1_0p333_0","t":54.68,"s":[36,44,0],"e":[36,36,0],"to":[0,0,0],"ti":[0,1.33333337306976,0]},{"i":{"x":0.095,"y":0.095},"o":{"x":0.167,"y":0.167},"n":"0p095_0p095_0p167_0p167","t":64,"s":[36,36,0],"e":[36,36,0],"to":[0,0,0],"ti":[0,0,0]},{"i":{"x":0.095,"y":1},"o":{"x":0.167,"y":0},"n":"0p095_1_0p167_0","t":74,"s":[36,36,0],"e":[36,51,0],"to":[0,2.5,0],"ti":[0,-2.5,0]},{"t":84}],"ix":2},"a":{"a":0,"k":[0,0,0],"ix":1},"s":{"a":0,"k":[100,100,100],"ix":6}},"ao":0,"shapes":[{"ind":0,"ty":"sh","ix":1,"ks":{"a":0,"k":{"i":[[0,0],[0,0],[10.1,0],[0,0],[0,10.1],[0,0],[-10.1,0],[0,0],[9.064,-9.064],[0,-21.037],[0,0]],"o":[[0,0],[0,10.1],[0,0],[-10.1,0],[0,0],[0,-10.1],[0,0],[1.5,0],[-9.998,9.998],[0,0],[0,0]],"v":[[18.274,12.803],[18.287,14.213],[0,32.5],[0,32.5],[-18.287,14.213],[-18.287,-14.213],[-2.625,-32.5],[-1.625,-32.5],[-0.248,-18.745],[0.065,7.412],[0.006,16.626]],"c":false},"ix":2},"nm":"Path 1","mn":"ADBE Vector Shape - Group","hd":false},{"ty":"tm","s":{"a":1,"k":[{"i":{"x":[0],"y":[1]},"o":{"x":[0.333],"y":[0]},"n":["0_1_0p333_0"],"t":16,"s":[0],"e":[100]},{"i":{"x":[0],"y":[1]},"o":{"x":[0.333],"y":[0]},"n":["0_1_0p333_0"],"t":28,"s":[100],"e":[100]},{"i":{"x":[0],"y":[1]},"o":{"x":[0.333],"y":[0]},"n":["0_1_0p333_0"],"t":40,"s":[100],"e":[100]},{"t":76}],"ix":1},"e":{"a":1,"k":[{"i":{"x":[0.163],"y":[1]},"o":{"x":[0.333],"y":[0]},"n":["0p163_1_0p333_0"],"t":16,"s":[0],"e":[92]},{"i":{"x":[0.163],"y":[1]},"o":{"x":[0.333],"y":[0]},"n":["0p163_1_0p333_0"],"t":40,"s":[92],"e":[92]},{"i":{"x":[0.833],"y":[1]},"o":{"x":[0.167],"y":[0]},"n":["0p833_1_0p167_0"],"t":76,"s":[92],"e":[100]},{"t":84}],"ix":2},"o":{"a":0,"k":0,"ix":3},"m":1,"ix":2,"nm":"Trim Paths 1","mn":"ADBE Vector Filter - Trim","hd":false},{"ty":"st","c":{"a":0,"k":[0,0.68235296011,1,1],"ix":3},"o":{"a":0,"k":100,"ix":4},"w":{"a":0,"k":2,"ix":5},"lc":1,"lj":1,"ml":4,"ml2":{"a":0,"k":4,"ix":8},"nm":"Stroke 1","mn":"ADBE Vector Graphic - Stroke","hd":false}],"ip":16,"op":141,"st":16,"bm":0},{"ddd":0,"ind":3,"ty":4,"nm":"Shape Layer 11","sr":1,"ks":{"o":{"a":0,"k":100,"ix":11},"r":{"a":0,"k":0,"ix":10},"p":{"a":0,"k":[36,36,0],"ix":2},"a":{"a":0,"k":[0,0,0],"ix":1},"s":{"a":0,"k":[100,100,100],"ix":6}},"ao":0,"shapes":[{"ind":0,"ty":"sh","ix":1,"ks":{"a":0,"k":{"i":[[0,0],[0,0],[10.1,0],[0,0],[0,10.1],[0,0],[-10.1,0],[0,0],[0,-10.1],[0,0]],"o":[[0,0],[0,10.1],[0,0],[-10.1,0],[0,0],[0,-10.1],[0,0],[10.1,0],[0,0],[0,0]],"v":[[18.324,4.428],[18.287,14.213],[0,32.5],[0,32.5],[-18.287,14.213],[-18.287,-14.213],[0,-32.5],[0,-32.5],[18.287,-14.213],[18.287,7.376]],"c":false},"ix":2},"nm":"Path 1","mn":"ADBE Vector Shape - Group","hd":false},{"ty":"tm","s":{"a":1,"k":[{"i":{"x":[0.833],"y":[1]},"o":{"x":[0.333],"y":[0]},"n":["0p833_1_0p333_0"],"t":0,"s":[0],"e":[79]},{"i":{"x":[0.833],"y":[1]},"o":{"x":[0.167],"y":[0]},"n":["0p833_1_0p167_0"],"t":10,"s":[79],"e":[100]},{"i":{"x":[0.833],"y":[1]},"o":{"x":[0.167],"y":[0]},"n":["0p833_1_0p167_0"],"t":20,"s":[100],"e":[0]},{"i":{"x":[0.833],"y":[1]},"o":{"x":[0.167],"y":[0]},"n":["0p833_1_0p167_0"],"t":84,"s":[0],"e":[33]},{"i":{"x":[0.833],"y":[1]},"o":{"x":[0.167],"y":[0]},"n":["0p833_1_0p167_0"],"t":92,"s":[33],"e":[100]},{"t":100}],"ix":1},"e":{"a":1,"k":[{"i":{"x":[0.833],"y":[1]},"o":{"x":[0.333],"y":[0]},"n":["0p833_1_0p333_0"],"t":0,"s":[0],"e":[61]},{"i":{"x":[0.833],"y":[1]},"o":{"x":[0.167],"y":[0]},"n":["0p833_1_0p167_0"],"t":10,"s":[61],"e":[100]},{"i":{"x":[0.833],"y":[1]},"o":{"x":[0.167],"y":[0]},"n":["0p833_1_0p167_0"],"t":20,"s":[100],"e":[0]},{"i":{"x":[0.833],"y":[1]},"o":{"x":[0.167],"y":[0]},"n":["0p833_1_0p167_0"],"t":84,"s":[0],"e":[66]},{"i":{"x":[0.833],"y":[1]},"o":{"x":[0.167],"y":[0]},"n":["0p833_1_0p167_0"],"t":92,"s":[66],"e":[100]},{"t":100}],"ix":2},"o":{"a":0,"k":68,"ix":3},"m":1,"ix":2,"nm":"Trim Paths 1","mn":"ADBE Vector Filter - Trim","hd":false},{"ty":"st","c":{"a":0,"k":[0,0.682352941176,1,1],"ix":3},"o":{"a":0,"k":100,"ix":4},"w":{"a":0,"k":2,"ix":5},"lc":1,"lj":1,"ml":4,"ml2":{"a":0,"k":4,"ix":8},"nm":"Stroke 1","mn":"ADBE Vector Graphic - Stroke","hd":false}],"ip":84,"op":246,"st":0,"bm":0},{"ddd":0,"ind":4,"ty":4,"nm":"Shape Layer 5","sr":1,"ks":{"o":{"a":0,"k":100,"ix":11},"r":{"a":0,"k":0,"ix":10},"p":{"a":0,"k":[36,36,0],"ix":2},"a":{"a":0,"k":[0,0,0],"ix":1},"s":{"a":0,"k":[100,100,100],"ix":6}},"ao":0,"shapes":[{"ind":0,"ty":"sh","ix":1,"ks":{"a":0,"k":{"i":[[0,0],[0,0],[10.1,0],[0,0],[0,10.1],[0,0],[-10.1,0],[0,0],[0,-10.1],[0,0]],"o":[[0,0],[0,10.1],[0,0],[-10.1,0],[0,0],[0,-10.1],[0,0],[10.1,0],[0,0],[0,0]],"v":[[18.324,4.428],[18.287,14.213],[0,32.5],[0,32.5],[-18.287,14.213],[-18.287,-14.213],[0,-32.5],[0,-32.5],[18.287,-14.213],[18.287,7.376]],"c":false},"ix":2},"nm":"Path 1","mn":"ADBE Vector Shape - Group","hd":false},{"ty":"tm","s":{"a":1,"k":[{"i":{"x":[0.833],"y":[1]},"o":{"x":[0.333],"y":[0]},"n":["0p833_1_0p333_0"],"t":0,"s":[0],"e":[79]},{"i":{"x":[0.833],"y":[1]},"o":{"x":[0.167],"y":[0]},"n":["0p833_1_0p167_0"],"t":10,"s":[79],"e":[100]},{"i":{"x":[0.833],"y":[1]},"o":{"x":[0.167],"y":[0]},"n":["0p833_1_0p167_0"],"t":20,"s":[100],"e":[22]},{"i":{"x":[0.833],"y":[1]},"o":{"x":[0.167],"y":[0]},"n":["0p833_1_0p167_0"],"t":84,"s":[22],"e":[43]},{"i":{"x":[0.833],"y":[1]},"o":{"x":[0.167],"y":[0]},"n":["0p833_1_0p167_0"],"t":93,"s":[43],"e":[100]},{"t":101}],"ix":1},"e":{"a":1,"k":[{"i":{"x":[0.833],"y":[1]},"o":{"x":[0.333],"y":[0]},"n":["0p833_1_0p333_0"],"t":0,"s":[0],"e":[61]},{"i":{"x":[0.833],"y":[1]},"o":{"x":[0.167],"y":[0]},"n":["0p833_1_0p167_0"],"t":10,"s":[61],"e":[100]},{"i":{"x":[0.833],"y":[1]},"o":{"x":[0.167],"y":[0]},"n":["0p833_1_0p167_0"],"t":20,"s":[100],"e":[22]},{"i":{"x":[0.833],"y":[1]},"o":{"x":[0.167],"y":[0]},"n":["0p833_1_0p167_0"],"t":84,"s":[22],"e":[100]},{"t":101}],"ix":2},"o":{"a":0,"k":15,"ix":3},"m":1,"ix":2,"nm":"Trim Paths 1","mn":"ADBE Vector Filter - Trim","hd":false},{"ty":"st","c":{"a":0,"k":[0,0.682352941176,1,1],"ix":3},"o":{"a":0,"k":100,"ix":4},"w":{"a":0,"k":2,"ix":5},"lc":1,"lj":1,"ml":4,"ml2":{"a":0,"k":4,"ix":8},"nm":"Stroke 1","mn":"ADBE Vector Graphic - Stroke","hd":false}],"ip":0,"op":84,"st":0,"bm":0},{"ddd":0,"ind":5,"ty":4,"nm":"Shape Layer 10","sr":1,"ks":{"o":{"a":0,"k":100,"ix":11},"r":{"a":0,"k":0,"ix":10},"p":{"a":0,"k":[36,36,0],"ix":2},"a":{"a":0,"k":[0,0,0],"ix":1},"s":{"a":0,"k":[100,100,100],"ix":6}},"ao":0,"shapes":[{"ind":0,"ty":"sh","ix":1,"ks":{"a":0,"k":{"i":[[0,0],[0,0],[10.1,0],[0,0],[0,10.1],[0,0],[-10.1,0],[0,0],[0,-10.1],[0,0]],"o":[[0,0],[0,10.1],[0,0],[-10.1,0],[0,0],[0,-10.1],[0,0],[10.1,0],[0,0],[0,0]],"v":[[18.324,4.428],[18.287,14.213],[0,32.5],[0,32.5],[-18.287,14.213],[-18.287,-14.213],[0,-32.5],[0,-32.5],[18.287,-14.213],[18.287,7.376]],"c":false},"ix":2},"nm":"Path 1","mn":"ADBE Vector Shape - Group","hd":false},{"ty":"tm","s":{"a":0,"k":100,"ix":1},"e":{"a":1,"k":[{"i":{"x":[0.833],"y":[0.833]},"o":{"x":[0.167],"y":[0.167]},"n":["0p833_0p833_0p167_0p167"],"t":84,"s":[0],"e":[4]},{"i":{"x":[0.833],"y":[0.833]},"o":{"x":[0.167],"y":[0.167]},"n":["0p833_0p833_0p167_0p167"],"t":85,"s":[4],"e":[11.733]},{"i":{"x":[0.833],"y":[0.833]},"o":{"x":[0.167],"y":[0.167]},"n":["0p833_0p833_0p167_0p167"],"t":87,"s":[11.733],"e":[100]},{"t":100}],"ix":2},"o":{"a":0,"k":72,"ix":3},"m":1,"ix":2,"nm":"Trim Paths 1","mn":"ADBE Vector Filter - Trim","hd":false},{"ty":"st","c":{"a":0,"k":[0.890196084976,0.890196084976,0.890196084976,1],"ix":3},"o":{"a":0,"k":100,"ix":4},"w":{"a":0,"k":2,"ix":5},"lc":1,"lj":1,"ml":4,"ml2":{"a":0,"k":4,"ix":8},"nm":"Stroke 1","mn":"ADBE Vector Graphic - Stroke","hd":false}],"ip":77,"op":246,"st":0,"bm":0},{"ddd":0,"ind":6,"ty":4,"nm":"Shape Layer 3","sr":1,"ks":{"o":{"a":0,"k":100,"ix":11},"r":{"a":0,"k":0,"ix":10},"p":{"a":0,"k":[36,36,0],"ix":2},"a":{"a":0,"k":[0,0,0],"ix":1},"s":{"a":0,"k":[100,100,100],"ix":6}},"ao":0,"shapes":[{"ind":0,"ty":"sh","ix":1,"ks":{"a":0,"k":{"i":[[0,0],[0,0],[10.1,0],[0,0],[0,10.1],[0,0],[-10.1,0],[0,0],[0,-10.1],[0,0]],"o":[[0,0],[0,10.1],[0,0],[-10.1,0],[0,0],[0,-10.1],[0,0],[10.1,0],[0,0],[0,0]],"v":[[18.324,4.428],[18.287,14.213],[0,32.5],[0,32.5],[-18.287,14.213],[-18.287,-14.213],[0,-32.5],[0,-32.5],[18.287,-14.213],[18.287,7.376]],"c":false},"ix":2},"nm":"Path 1","mn":"ADBE Vector Shape - Group","hd":false},{"ty":"tm","s":{"a":1,"k":[{"i":{"x":[0.571],"y":[0.701]},"o":{"x":[0.285],"y":[0]},"n":["0p571_0p701_0p285_0"],"t":0,"s":[0],"e":[81.341]},{"i":{"x":[0.653],"y":[-0.076]},"o":{"x":[0.321],"y":[0.735]},"n":["0p653_-0p076_0p321_0p735"],"t":13,"s":[81.341],"e":[85.14]},{"i":{"x":[0.66],"y":[0.185]},"o":{"x":[0.327],"y":[0.479]},"n":["0p66_0p185_0p327_0p479"],"t":15,"s":[85.14],"e":[89.17]},{"i":{"x":[0.661],"y":[1]},"o":{"x":[0.327],"y":[0.292]},"n":["0p661_1_0p327_0p292"],"t":16,"s":[89.17],"e":[100]},{"t":17}],"ix":1},"e":{"a":0,"k":0,"ix":2},"o":{"a":0,"k":0,"ix":3},"m":1,"ix":2,"nm":"Trim Paths 1","mn":"ADBE Vector Filter - Trim","hd":false},{"ty":"st","c":{"a":0,"k":[0.890196084976,0.890196084976,0.890196084976,1],"ix":3},"o":{"a":0,"k":100,"ix":4},"w":{"a":0,"k":2,"ix":5},"lc":1,"lj":1,"ml":4,"ml2":{"a":0,"k":4,"ix":8},"nm":"Stroke 1","mn":"ADBE Vector Graphic - Stroke","hd":false}],"ip":0,"op":77,"st":0,"bm":0}],"markers":[]}