{"v":"4.8.0","fr":60,"ip":0,"op":160,"w":100,"h":100,"nm":"Comp 1","ddd":0,"assets":[],"layers":[{"ddd":0,"ind":1,"ty":4,"nm":"Sun Outlines","ks":{"o":{"a":0,"k":100},"r":{"a":0,"k":0},"p":{"a":0,"k":[57.761,35.855,0]},"a":{"a":0,"k":[29.5,16.586,0]},"s":{"a":0,"k":[100,100,100]}},"ao":0,"shapes":[{"ty":"gr","it":[{"ind":0,"ty":"sh","ix":1,"ks":{"a":0,"k":{"i":[[0,0],[-0.782,0],[0,-5.01],[5.026,0],[0,0],[0,0]],"o":[[0.733,-0.208],[5.026,0],[0,5.025],[0,0],[0,0],[0,0]],"v":[[10.625,-8.783],[12.906,-9.085],[22,-0.008],[12.906,9.085],[12.428,9.083],[-22,9.083]],"c":false}},"nm":"Path 1","mn":"ADBE Vector Shape - Group"},{"ty":"st","c":{"a":0,"k":[0.9137255,0.9019608,0.8078431,1]},"o":{"a":0,"k":100},"w":{"a":0,"k":3},"lc":2,"lj":1,"ml":10,"nm":"Stroke 1","mn":"ADBE Vector Graphic - Stroke"},{"ty":"tr","p":{"a":0,"k":[29.5,16.586],"ix":2},"a":{"a":0,"k":[0,0],"ix":1},"s":{"a":0,"k":[100,100],"ix":3},"r":{"a":0,"k":0,"ix":6},"o":{"a":0,"k":100,"ix":7},"sk":{"a":0,"k":0,"ix":4},"sa":{"a":0,"k":0,"ix":5},"nm":"Transform"}],"nm":"Group 1","np":2,"cix":2,"ix":1,"mn":"ADBE Vector Group"},{"ty":"tm","s":{"a":1,"k":[{"i":{"x":[0.336],"y":[1]},"o":{"x":[0.333],"y":[0]},"n":["0p336_1_0p333_0"],"t":5,"s":[100],"e":[0]},{"t":96}],"ix":1},"e":{"a":1,"k":[{"i":{"x":[0.381],"y":[1]},"o":{"x":[0.333],"y":[0]},"n":["0p381_1_0p333_0"],"t":21,"s":[100],"e":[0]},{"t":108}],"ix":2},"o":{"a":0,"k":0,"ix":3},"m":1,"ix":2,"nm":"Trim Paths 1","mn":"ADBE Vector Filter - Trim"}],"ip":0,"op":160,"st":-36,"bm":0,"sr":1},{"ddd":0,"ind":2,"ty":4,"nm":"Layer 10 Outlines","ks":{"o":{"a":0,"k":100},"r":{"a":0,"k":0},"p":{"a":0,"k":[51.019,62.111,0]},"a":{"a":0,"k":[32.366,13.196,0]},"s":{"a":0,"k":[100,100,100]}},"ao":0,"shapes":[{"ty":"gr","it":[{"ind":0,"ty":"sh","ix":1,"ks":{"a":0,"k":{"i":[[0,0],[0,0],[0,0],[0,-3.149],[3.15,0],[0.46,0.13]],"o":[[0,0],[0,0],[3.15,0],[0,3.14],[-0.49,0],[0,0]],"v":[[-24.866,-5.691],[18.919,-5.691],[19.166,-5.695],[24.866,0.005],[19.166,5.695],[17.736,5.505]],"c":false}},"nm":"Path 1","mn":"ADBE Vector Shape - Group"},{"ty":"st","c":{"a":0,"k":[0.9137255,0.9019608,0.8078431,1]},"o":{"a":0,"k":100},"w":{"a":0,"k":3},"lc":2,"lj":1,"ml":10,"nm":"Stroke 1","mn":"ADBE Vector Graphic - Stroke"},{"ty":"tr","p":{"a":0,"k":[32.366,13.196],"ix":2},"a":{"a":0,"k":[0,0],"ix":1},"s":{"a":0,"k":[100,100],"ix":3},"r":{"a":0,"k":0,"ix":6},"o":{"a":0,"k":100,"ix":7},"sk":{"a":0,"k":0,"ix":4},"sa":{"a":0,"k":0,"ix":5},"nm":"Transform"}],"nm":"Group 1","np":2,"cix":2,"ix":1,"mn":"ADBE Vector Group"},{"ty":"tm","s":{"a":1,"k":[{"i":{"x":[0.667],"y":[1]},"o":{"x":[0.333],"y":[0]},"n":["0p667_1_0p333_0"],"t":20,"s":[0],"e":[100]},{"t":94}],"ix":1},"e":{"a":1,"k":[{"i":{"x":[0.667],"y":[1]},"o":{"x":[0.333],"y":[0]},"n":["0p667_1_0p333_0"],"t":36,"s":[0],"e":[100]},{"t":108}],"ix":2},"o":{"a":0,"k":0,"ix":3},"m":1,"ix":2,"nm":"Trim Paths 1","mn":"ADBE Vector Filter - Trim"}],"ip":0,"op":160,"st":-36,"bm":0,"sr":1},{"ddd":0,"ind":3,"ty":4,"nm":"Layer 9 Outlines 2","ks":{"o":{"a":0,"k":100},"r":{"a":1,"k":[{"i":{"x":[0.667],"y":[1]},"o":{"x":[0.333],"y":[0]},"n":["0p667_1_0p333_0"],"t":31,"s":[-10.366],"e":[47.333]},{"i":{"x":[0.667],"y":[1]},"o":{"x":[0.296],"y":[0]},"n":["0p667_1_0p296_0"],"t":95,"s":[47.333],"e":[0]},{"t":159}]},"p":{"a":1,"k":[{"i":{"x":0.569,"y":1},"o":{"x":0.57,"y":0},"n":"0p569_1_0p57_0","t":31,"s":[12.115,44.036,0],"e":[93.865,40.786,0],"to":[26.1875,-33.8125,0],"ti":[-15.6875,25.1875,0]},{"t":159}]},"a":{"a":0,"k":[15.596,12.275,0]},"s":{"a":1,"k":[{"i":{"x":[0.667,0.667,0.667],"y":[1,1,1]},"o":{"x":[0.333,0.333,0.333],"y":[0,0,0]},"n":["0p667_1_0p333_0","0p667_1_0p333_0","0p667_1_0p333_0"],"t":31,"s":[0,0,100],"e":[100,100,100]},{"i":{"x":[0.667,0.667,0.667],"y":[1,1,1]},"o":{"x":[0.333,0.333,0.333],"y":[0,0,0]},"n":["0p667_1_0p333_0","0p667_1_0p333_0","0p667_1_0p333_0"],"t":99,"s":[100,100,100],"e":[0,0,100]},{"t":159}]}},"ao":0,"shapes":[{"ty":"gr","it":[{"ind":0,"ty":"sh","ix":1,"ks":{"a":0,"k":{"i":[[0,0],[1.625,0.034]],"o":[[0,0],[0,0]],"v":[[1.877,-0.498],[-1.877,0.464]],"c":false}},"nm":"Path 1","mn":"ADBE Vector Shape - Group"},{"ty":"st","c":{"a":0,"k":[1,0.7444852,0,1]},"o":{"a":0,"k":100},"w":{"a":0,"k":3},"lc":2,"lj":1,"ml":10,"nm":"Stroke 1","mn":"ADBE Vector Graphic - Stroke"},{"ty":"tr","p":{"a":0,"k":[9.887,16.078],"ix":2},"a":{"a":0,"k":[0,0],"ix":1},"s":{"a":0,"k":[100,100],"ix":3},"r":{"a":0,"k":0,"ix":6},"o":{"a":0,"k":100,"ix":7},"sk":{"a":0,"k":0,"ix":4},"sa":{"a":0,"k":0,"ix":5},"nm":"Transform"}],"nm":"Group 1","np":2,"cix":2,"ix":1,"mn":"ADBE Vector Group"},{"ty":"gr","it":[{"ind":0,"ty":"sh","ix":1,"ks":{"a":0,"k":{"i":[[-10.654,-0.727],[7.256,-0.68]],"o":[[0,0],[-7.255,0.678]],"v":[[8.096,-4.049],[-0.84,4.098]],"c":true}},"nm":"Path 1","mn":"ADBE Vector Shape - Group"},{"ty":"st","c":{"a":0,"k":[1,0.7444852,0,1]},"o":{"a":0,"k":100},"w":{"a":0,"k":3},"lc":2,"lj":1,"ml":10,"nm":"Stroke 1","mn":"ADBE Vector Graphic - Stroke"},{"ty":"tr","p":{"a":0,"k":[15.596,12.276],"ix":2},"a":{"a":0,"k":[0,0],"ix":1},"s":{"a":0,"k":[100,100],"ix":3},"r":{"a":0,"k":0,"ix":6},"o":{"a":0,"k":100,"ix":7},"sk":{"a":0,"k":0,"ix":4},"sa":{"a":0,"k":0,"ix":5},"nm":"Transform"}],"nm":"Group 2","np":2,"cix":2,"ix":2,"mn":"ADBE Vector Group"}],"ip":0,"op":160,"st":-36,"bm":0,"sr":1},{"ddd":0,"ind":4,"ty":4,"nm":"Layer 9 Outlines","ks":{"o":{"a":0,"k":100},"r":{"a":1,"k":[{"i":{"x":[0.667],"y":[1]},"o":{"x":[0.491],"y":[0]},"n":["0p667_1_0p491_0"],"t":-36,"s":[40],"e":[40]},{"i":{"x":[0.469],"y":[1]},"o":{"x":[0.491],"y":[0]},"n":["0p469_1_0p491_0"],"t":-14,"s":[40],"e":[0]},{"i":{"x":[0.667],"y":[1]},"o":{"x":[0.167],"y":[0]},"n":["0p667_1_0p167_0"],"t":46,"s":[0],"e":[40]},{"i":{"x":[0.469],"y":[1]},"o":{"x":[0.491],"y":[0]},"n":["0p469_1_0p491_0"],"t":67,"s":[40],"e":[0]},{"i":{"x":[0.667],"y":[1]},"o":{"x":[0.167],"y":[0]},"n":["0p667_1_0p167_0"],"t":127,"s":[0],"e":[40]},{"i":{"x":[0.469],"y":[1]},"o":{"x":[0.491],"y":[0]},"n":["0p469_1_0p491_0"],"t":146,"s":[40],"e":[0]},{"t":206}]},"p":{"a":1,"k":[{"i":{"x":0.667,"y":1},"o":{"x":0.505,"y":0},"n":"0p667_1_0p505_0","t":-36,"s":[12.115,44.036,0],"e":[12.115,44.036,0],"to":[23.3125,18.6875,0],"ti":[-3.56025290489197,-2.85392928123474,0]},{"i":{"x":0.456,"y":1},"o":{"x":0.505,"y":0},"n":"0p456_1_0p505_0","t":-14,"s":[12.115,44.036,0],"e":[93.865,40.786,0],"to":[23.3125,18.6875,0],"ti":[-15.6875,25.1875,0]},{"i":{"x":0.667,"y":1},"o":{"x":0.167,"y":0},"n":"0p667_1_0p167_0","t":46,"s":[93.865,40.786,0],"e":[12.115,44.036,0],"to":[2.41229677200317,-3.87313008308411,0],"ti":[-3.56025290489197,-2.85392928123474,0]},{"i":{"x":0.456,"y":1},"o":{"x":0.505,"y":0},"n":"0p456_1_0p505_0","t":67,"s":[12.115,44.036,0],"e":[93.865,40.786,0],"to":[23.3125,18.6875,0],"ti":[-15.6875,25.1875,0]},{"i":{"x":0.667,"y":1},"o":{"x":0.167,"y":0},"n":"0p667_1_0p167_0","t":127,"s":[93.865,40.786,0],"e":[12.115,44.036,0],"to":[2.41229677200317,-3.87313008308411,0],"ti":[-3.56025290489197,-2.85392928123474,0]},{"i":{"x":0.456,"y":1},"o":{"x":0.505,"y":0},"n":"0p456_1_0p505_0","t":146,"s":[12.115,44.036,0],"e":[93.865,40.786,0],"to":[23.3125,18.6875,0],"ti":[-15.6875,25.1875,0]},{"t":206}]},"a":{"a":0,"k":[15.596,12.275,0]},"s":{"a":1,"k":[{"i":{"x":[0.667,0.667,0.667],"y":[1,1,1]},"o":{"x":[0,0,0.333],"y":[0,0,0]},"n":["0p667_1_0_0","0p667_1_0_0","0p667_1_0p333_0"],"t":-36,"s":[0,0,100],"e":[0,0,100]},{"i":{"x":[0.747,0.747,0.667],"y":[1,1,1]},"o":{"x":[0,0,0.333],"y":[0,0,0]},"n":["0p747_1_0_0","0p747_1_0_0","0p667_1_0p333_0"],"t":-14,"s":[0,0,100],"e":[100,100,100]},{"i":{"x":[1,1,0.667],"y":[1,1,1]},"o":{"x":[0.333,0.333,0.333],"y":[0,0,0]},"n":["1_1_0p333_0","1_1_0p333_0","0p667_1_0p333_0"],"t":21,"s":[100,100,100],"e":[0,0,100]},{"i":{"x":[0.667,0.667,0.667],"y":[1,1,1]},"o":{"x":[0.167,0.167,0.167],"y":[0,0,0]},"n":["0p667_1_0p167_0","0p667_1_0p167_0","0p667_1_0p167_0"],"t":46,"s":[0,0,100],"e":[0,0,100]},{"i":{"x":[0.747,0.747,0.667],"y":[1,1,1]},"o":{"x":[0,0,0.333],"y":[0,0,0]},"n":["0p747_1_0_0","0p747_1_0_0","0p667_1_0p333_0"],"t":67,"s":[0,0,100],"e":[100,100,100]},{"i":{"x":[1,1,0.667],"y":[1,1,1]},"o":{"x":[0.333,0.333,0.333],"y":[0,0,0]},"n":["1_1_0p333_0","1_1_0p333_0","0p667_1_0p333_0"],"t":102,"s":[100,100,100],"e":[0,0,100]},{"i":{"x":[0.667,0.667,0.667],"y":[1,1,1]},"o":{"x":[0.167,0.167,0.167],"y":[0,0,0]},"n":["0p667_1_0p167_0","0p667_1_0p167_0","0p667_1_0p167_0"],"t":127,"s":[0,0,100],"e":[0,0,100]},{"i":{"x":[0.747,0.747,0.667],"y":[1,1,1]},"o":{"x":[0,0,0.333],"y":[0,0,0]},"n":["0p747_1_0_0","0p747_1_0_0","0p667_1_0p333_0"],"t":146,"s":[0,0,100],"e":[100,100,100]},{"i":{"x":[1,1,0.667],"y":[1,1,1]},"o":{"x":[0.333,0.333,0.333],"y":[0,0,0]},"n":["1_1_0p333_0","1_1_0p333_0","0p667_1_0p333_0"],"t":181,"s":[100,100,100],"e":[0,0,100]},{"t":206}]}},"ao":0,"shapes":[{"ty":"gr","it":[{"ind":0,"ty":"sh","ix":1,"ks":{"a":0,"k":{"i":[[0,0],[1.625,0.034]],"o":[[0,0],[0,0]],"v":[[1.877,-0.498],[-1.877,0.464]],"c":false}},"nm":"Path 1","mn":"ADBE Vector Shape - Group"},{"ty":"st","c":{"a":0,"k":[0.6815257,1,0,1]},"o":{"a":0,"k":100},"w":{"a":0,"k":3},"lc":2,"lj":1,"ml":10,"nm":"Stroke 1","mn":"ADBE Vector Graphic - Stroke"},{"ty":"tr","p":{"a":0,"k":[9.887,16.078],"ix":2},"a":{"a":0,"k":[0,0],"ix":1},"s":{"a":0,"k":[100,100],"ix":3},"r":{"a":0,"k":0,"ix":6},"o":{"a":0,"k":100,"ix":7},"sk":{"a":0,"k":0,"ix":4},"sa":{"a":0,"k":0,"ix":5},"nm":"Transform"}],"nm":"Group 1","np":2,"cix":2,"ix":1,"mn":"ADBE Vector Group"},{"ty":"gr","it":[{"ind":0,"ty":"sh","ix":1,"ks":{"a":0,"k":{"i":[[-10.654,-0.727],[7.256,-0.68]],"o":[[0,0],[-7.255,0.678]],"v":[[8.096,-4.049],[-0.84,4.098]],"c":true}},"nm":"Path 1","mn":"ADBE Vector Shape - Group"},{"ty":"st","c":{"a":0,"k":[0.6815257,1,0,1]},"o":{"a":0,"k":100},"w":{"a":0,"k":3},"lc":2,"lj":1,"ml":10,"nm":"Stroke 1","mn":"ADBE Vector Graphic - Stroke"},{"ty":"tr","p":{"a":0,"k":[15.596,12.276],"ix":2},"a":{"a":0,"k":[0,0],"ix":1},"s":{"a":0,"k":[100,100],"ix":3},"r":{"a":0,"k":0,"ix":6},"o":{"a":0,"k":100,"ix":7},"sk":{"a":0,"k":0,"ix":4},"sa":{"a":0,"k":0,"ix":5},"nm":"Transform"}],"nm":"Group 2","np":2,"cix":2,"ix":2,"mn":"ADBE Vector Group"}],"ip":0,"op":160,"st":-36,"bm":0,"sr":1},{"ddd":0,"ind":5,"ty":4,"nm":" ","ks":{"o":{"a":1,"k":[{"i":{"x":[0.833],"y":[0.833]},"o":{"x":[0.167],"y":[0.167]},"n":["0p833_0p833_0p167_0p167"],"t":89,"s":[100],"e":[0]},{"t":148}]},"r":{"a":0,"k":0},"p":{"a":0,"k":[43.507,50.662,0]},"a":{"a":0,"k":[26.747,1.5,0]},"s":{"a":0,"k":[100,100,100]}},"ao":0,"shapes":[{"ty":"gr","it":[{"ind":0,"ty":"sh","ix":1,"ks":{"a":0,"k":{"i":[[0,0],[0,0]],"o":[[0,0],[0,0]],"v":[[51.995,1.5],[1.5,1.5]],"c":false}},"nm":"Path 1","mn":"ADBE Vector Shape - Group"},{"ty":"st","c":{"a":0,"k":[0.9131127,0.9018977,0.8073103,1]},"o":{"a":0,"k":100},"w":{"a":0,"k":3},"lc":2,"lj":1,"ml":10,"nm":"Stroke 1","mn":"ADBE Vector Graphic - Stroke"},{"ty":"tr","p":{"a":0,"k":[0,0],"ix":2},"a":{"a":0,"k":[0,0],"ix":1},"s":{"a":0,"k":[100,100],"ix":3},"r":{"a":0,"k":0,"ix":6},"o":{"a":0,"k":100,"ix":7},"sk":{"a":0,"k":0,"ix":4},"sa":{"a":0,"k":0,"ix":5},"nm":"Transform"}],"nm":"Group 1","np":2,"cix":2,"ix":1,"mn":"ADBE Vector Group"},{"ty":"tm","s":{"a":1,"k":[{"i":{"x":[0],"y":[1]},"o":{"x":[0.333],"y":[0]},"n":["0_1_0p333_0"],"t":50,"s":[100],"e":[0]},{"t":148}],"ix":1},"e":{"a":1,"k":[{"i":{"x":[0.124],"y":[1.001]},"o":{"x":[0.333],"y":[0]},"n":["0p124_1p001_0p333_0"],"t":16,"s":[100],"e":[0]},{"t":148}],"ix":2},"o":{"a":0,"k":0,"ix":3},"m":1,"ix":2,"nm":"Trim Paths 1","mn":"ADBE Vector Filter - Trim"}],"ip":0,"op":160,"st":-36,"bm":0,"sr":1}]}