{"v":"5.3.1","fr":25,"ip":0,"op":425,"w":450,"h":450,"nm":"loading_movie","ddd":0,"assets":[{"id":"image_0","w":898,"h":23,"u":"images/","p":"img_0.png","e":0},{"id":"image_1","w":920,"h":24,"u":"images/","p":"img_1.png","e":0},{"id":"image_2","w":966,"h":60,"u":"images/","p":"img_2.png","e":0},{"id":"image_3","w":1080,"h":1920,"u":"images/","p":"img_3.png","e":0},{"id":"image_4","w":996,"h":1394,"u":"images/","p":"img_4.png","e":0},{"id":"image_5","w":831,"h":613,"u":"images/","p":"img_5.png","e":0},{"id":"image_6","w":328,"h":353,"u":"images/","p":"img_6.png","e":0},{"id":"image_7","w":1080,"h":899,"u":"images/","p":"img_7.png","e":0},{"id":"image_8","w":204,"h":281,"u":"images/","p":"img_8.png","e":0},{"id":"image_9","w":84,"h":58,"u":"images/","p":"img_9.png","e":0},{"id":"image_10","w":172,"h":84,"u":"images/","p":"img_10.png","e":0},{"id":"image_11","w":270,"h":115,"u":"images/","p":"img_11.png","e":0},{"id":"image_12","w":120,"h":120,"u":"images/","p":"img_12.png","e":0},{"id":"image_13","w":120,"h":120,"u":"images/","p":"img_13.png","e":0},{"id":"image_14","w":120,"h":120,"u":"images/","p":"img_14.png","e":0},{"id":"image_15","w":328,"h":368,"u":"images/","p":"img_15.png","e":0},{"id":"image_16","w":66,"h":66,"u":"images/","p":"img_16.png","e":0},{"id":"image_17","w":128,"h":128,"u":"images/","p":"img_17.png","e":0},{"id":"image_18","w":328,"h":328,"u":"images/","p":"img_18.png","e":0},{"id":"image_19","w":1201,"h":1920,"u":"images/","p":"img_19.png","e":0},{"id":"image_20","w":996,"h":980,"u":"images/","p":"img_20.png","e":0},{"id":"image_21","w":1080,"h":1920,"u":"images/","p":"img_21.png","e":0},{"id":"comp_0","layers":[{"ddd":0,"ind":1,"ty":0,"nm":"r_light","refId":"comp_1","sr":1,"ks":{"o":{"a":0,"k":100,"ix":11},"r":{"a":0,"k":0,"ix":10},"p":{"a":0,"k":[540,960,0],"ix":2},"a":{"a":0,"k":[540,960,0],"ix":1},"s":{"a":0,"k":[100,100,100],"ix":6}},"ao":0,"hasMask":true,"masksProperties":[{"inv":false,"mode":"a","pt":{"a":1,"k":[{"i":{"x":0.833,"y":0.833},"o":{"x":0.167,"y":0.167},"n":"0p833_0p833_0p167_0p167","t":0,"s":[{"i":[[6.938,0],[0,0],[0,-6.938],[-6.938,0],[0,0],[0,6.938]],"o":[[0,0],[-6.938,0],[0,6.938],[0,0],[6.938,0],[0,-6.938]],"v":[[66.596,1479.811],[-828.784,1479.855],[-841.346,1492.417],[-828.784,1504.979],[66.596,1504.935],[79.158,1492.373]],"c":true}],"e":[{"i":[[6.938,0],[0,0],[0,-6.938],[-6.938,0],[0,0],[0,6.938]],"o":[[0,0],[-6.938,0],[0,6.938],[0,0],[6.938,0],[0,-6.938]],"v":[[987.096,1480.094],[91.716,1480.138],[79.154,1492.7],[91.716,1505.262],[987.096,1505.218],[999.658,1492.656]],"c":true}]},{"t":424}],"ix":1},"o":{"a":0,"k":100,"ix":3},"x":{"a":0,"k":0,"ix":4},"nm":"蒙版 1"}],"w":1080,"h":1920,"ip":0,"op":425,"st":0,"bm":0}]},{"id":"comp_1","layers":[{"ddd":0,"ind":1,"ty":2,"nm":"r_light.png","cl":"png","refId":"image_0","sr":1,"ks":{"o":{"a":0,"k":100,"ix":11},"r":{"a":0,"k":0,"ix":10},"p":{"a":1,"k":[{"i":{"x":0.833,"y":0.833},"o":{"x":0.167,"y":0.167},"n":"0p833_0p833_0p167_0p167","t":0,"s":[-130,1492,0],"e":[-60,1492,0],"to":[11.6666669845581,0,0],"ti":[-11.6666669845581,0,0]},{"t":13}],"ix":2,"x":"var $bm_rt;\n$bm_rt = loopOut('cycle', 0);"},"a":{"a":0,"k":[449,11.5,0],"ix":1},"s":{"a":0,"k":[100,100,100],"ix":6}},"ao":0,"ip":0,"op":426,"st":0,"bm":0},{"ddd":0,"ind":2,"ty":2,"nm":"r_light.png","cl":"png","refId":"image_0","sr":1,"ks":{"o":{"a":0,"k":100,"ix":11},"r":{"a":0,"k":0,"ix":10},"p":{"a":1,"k":[{"i":{"x":0.833,"y":0.833},"o":{"x":0.167,"y":0.167},"n":"0p833_0p833_0p167_0p167","t":0,"s":[770,1492,0],"e":[840,1492,0],"to":[11.6666669845581,0,0],"ti":[-11.6666669845581,0,0]},{"t":13}],"ix":2,"x":"var $bm_rt;\n$bm_rt = loopOut('cycle', 0);"},"a":{"a":0,"k":[449,11.5,0],"ix":1},"s":{"a":0,"k":[100,100,100],"ix":6}},"ao":0,"ip":0,"op":426,"st":0,"bm":0}]},{"id":"comp_2","layers":[{"ddd":0,"ind":1,"ty":2,"nm":"loading_progress_bar","refId":"image_1","sr":1,"ks":{"o":{"a":0,"k":100,"ix":11},"r":{"a":0,"k":0,"ix":10},"p":{"a":1,"k":[{"i":{"x":0.833,"y":0.833},"o":{"x":0.167,"y":0.167},"n":"0p833_0p833_0p167_0p167","t":0,"s":[-380.5,1534.694,0],"e":[540,1534.694,0],"to":[153.41667175293,0,0],"ti":[-153.41667175293,0,0]},{"t":425}],"ix":2},"a":{"a":0,"k":[460,12,0],"ix":1},"s":{"a":0,"k":[100,100,100],"ix":6}},"ao":0,"ip":0,"op":425,"st":0,"bm":0}]},{"id":"comp_3","layers":[{"ddd":0,"ind":1,"ty":2,"nm":"star.png","cl":"png","refId":"image_5","sr":1,"ks":{"o":{"a":0,"k":100,"ix":11},"r":{"a":0,"k":0,"ix":10},"p":{"a":0,"k":[415.5,306.5,0],"ix":2},"a":{"a":0,"k":[415.5,306.5,0],"ix":1},"s":{"a":0,"k":[100,100,100],"ix":6}},"ao":0,"hasMask":true,"masksProperties":[{"inv":false,"mode":"a","pt":{"a":0,"k":{"i":[[17.672,0],[0,-17.672],[-17.672,0],[0,17.672]],"o":[[-17.672,0],[0,17.672],[17.672,0],[0,-17.672]],"v":[[407.873,11.758],[375.875,43.756],[407.873,75.754],[439.871,43.756]],"c":true},"ix":1},"o":{"a":1,"k":[{"i":{"x":[0.833],"y":[0.833]},"o":{"x":[0.167],"y":[0.167]},"n":["0p833_0p833_0p167_0p167"],"t":10,"s":[100],"e":[0]},{"i":{"x":[0.833],"y":[0.833]},"o":{"x":[0.167],"y":[0.167]},"n":["0p833_0p833_0p167_0p167"],"t":19,"s":[0],"e":[100]},{"i":{"x":[0.833],"y":[0.833]},"o":{"x":[0.167],"y":[0.167]},"n":["0p833_0p833_0p167_0p167"],"t":28,"s":[100],"e":[100]},{"t":48}],"ix":3,"x":"var $bm_rt;\n$bm_rt = loopOut('cycle', 0);"},"x":{"a":0,"k":0,"ix":4},"nm":"蒙版 1"},{"inv":false,"mode":"a","pt":{"a":0,"k":{"i":[[19.86,0],[0,-19.86],[-19.86,0],[0,19.86]],"o":[[-19.86,0],[0,19.86],[19.86,0],[0,-19.86]],"v":[[78.666,426.555],[42.707,462.514],[78.666,498.473],[114.625,462.514]],"c":true},"ix":1},"o":{"a":1,"k":[{"i":{"x":[0.833],"y":[0.833]},"o":{"x":[0.167],"y":[0.167]},"n":["0p833_0p833_0p167_0p167"],"t":32,"s":[100],"e":[0]},{"i":{"x":[0.833],"y":[0.833]},"o":{"x":[0.167],"y":[0.167]},"n":["0p833_0p833_0p167_0p167"],"t":39.619,"s":[0],"e":[100]},{"i":{"x":[0.833],"y":[0.833]},"o":{"x":[0.167],"y":[0.167]},"n":["0p833_0p833_0p167_0p167"],"t":48,"s":[100],"e":[100]},{"t":69}],"ix":3,"x":"var $bm_rt;\n$bm_rt = loopOut('cycle', 0);"},"x":{"a":0,"k":0,"ix":4},"nm":"蒙版 2"},{"inv":false,"mode":"a","pt":{"a":0,"k":{"i":[[12.461,0],[0,-12.461],[-12.461,0],[0,12.461]],"o":[[-12.461,0],[0,12.461],[12.461,0],[0,-12.461]],"v":[[623.297,473.074],[600.734,495.637],[623.297,518.199],[645.859,495.637]],"c":true},"ix":1},"o":{"a":1,"k":[{"i":{"x":[0.833],"y":[0.833]},"o":{"x":[0.167],"y":[0.167]},"n":["0p833_0p833_0p167_0p167"],"t":16,"s":[100],"e":[0]},{"i":{"x":[0.833],"y":[0.833]},"o":{"x":[0.167],"y":[0.167]},"n":["0p833_0p833_0p167_0p167"],"t":25,"s":[0],"e":[100]},{"i":{"x":[0.833],"y":[0.833]},"o":{"x":[0.167],"y":[0.167]},"n":["0p833_0p833_0p167_0p167"],"t":34,"s":[100],"e":[100]},{"t":56}],"ix":3,"x":"var $bm_rt;\n$bm_rt = loopOut('cycle', 0);"},"x":{"a":0,"k":0,"ix":4},"nm":"蒙版 3"},{"inv":false,"mode":"a","pt":{"a":0,"k":{"i":[[8.055,0],[0,-8.055],[-8.055,0],[0,8.055]],"o":[[-8.055,0],[0,8.055],[8.055,0],[0,-8.055]],"v":[[795.736,553.93],[781.152,568.514],[795.736,583.098],[810.32,568.514]],"c":true},"ix":1},"o":{"a":0,"k":100,"ix":3},"x":{"a":0,"k":0,"ix":4},"nm":"蒙版 4"},{"inv":false,"mode":"a","pt":{"a":0,"k":{"i":[[8.004,0],[0,-8.004],[-8.004,0],[0,8.004]],"o":[[-8.004,0],[0,8.004],[8.004,0],[0,-8.004]],"v":[[792.957,398.727],[778.465,413.219],[792.957,427.711],[807.449,413.219]],"c":true},"ix":1},"o":{"a":0,"k":100,"ix":3},"x":{"a":0,"k":0,"ix":4},"nm":"蒙版 5"},{"inv":false,"mode":"a","pt":{"a":0,"k":{"i":[[6.299,0],[0,-6.299],[-6.299,0],[0,6.299]],"o":[[-6.299,0],[0,6.299],[6.299,0],[0,-6.299]],"v":[[694.406,391],[683,402.406],[694.406,413.812],[705.812,402.406]],"c":true},"ix":1},"o":{"a":0,"k":100,"ix":3},"x":{"a":0,"k":0,"ix":4},"nm":"蒙版 6"},{"inv":false,"mode":"a","pt":{"a":0,"k":{"i":[[6.643,0],[0,-6.643],[-6.643,0],[0,6.643]],"o":[[-6.643,0],[0,6.643],[6.643,0],[0,-6.643]],"v":[[683.832,444.07],[671.805,456.098],[683.832,468.125],[695.859,456.098]],"c":true},"ix":1},"o":{"a":0,"k":100,"ix":3},"x":{"a":0,"k":0,"ix":4},"nm":"蒙版 7"},{"inv":false,"mode":"a","pt":{"a":0,"k":{"i":[[4.871,0],[0,-4.871],[-4.871,0],[0,4.871]],"o":[[-4.871,0],[0,4.871],[4.871,0],[0,-4.871]],"v":[[576.82,388],[568,396.82],[576.82,405.641],[585.641,396.82]],"c":true},"ix":1},"o":{"a":0,"k":100,"ix":3},"x":{"a":0,"k":0,"ix":4},"nm":"蒙版 8"},{"inv":false,"mode":"a","pt":{"a":0,"k":{"i":[[8.749,0],[0,-8.749],[-8.749,0],[0,8.749]],"o":[[-8.749,0],[0,8.749],[8.749,0],[0,-8.749]],"v":[[498.842,451],[483,466.842],[498.842,482.684],[514.684,466.842]],"c":true},"ix":1},"o":{"a":0,"k":100,"ix":3},"x":{"a":0,"k":0,"ix":4},"nm":"蒙版 9"},{"inv":false,"mode":"a","pt":{"a":0,"k":{"i":[[8.211,0],[0,-8.211],[-8.211,0],[0,8.211]],"o":[[-8.211,0],[0,8.211],[8.211,0],[0,-8.211]],"v":[[593.703,179.594],[578.836,194.461],[593.703,209.328],[608.57,194.461]],"c":true},"ix":1},"o":{"a":0,"k":100,"ix":3},"x":{"a":0,"k":0,"ix":4},"nm":"蒙版 10"},{"inv":false,"mode":"a","pt":{"a":0,"k":{"i":[[9.312,0],[0,-9.312],[-9.312,0],[0,9.312]],"o":[[-9.312,0],[0,9.312],[9.312,0],[0,-9.312]],"v":[[509.674,231.508],[492.813,248.369],[509.674,265.23],[526.535,248.369]],"c":true},"ix":1},"o":{"a":1,"k":[{"i":{"x":[0.833],"y":[0.833]},"o":{"x":[0.167],"y":[0.167]},"n":["0p833_0p833_0p167_0p167"],"t":20,"s":[100],"e":[0]},{"i":{"x":[0.833],"y":[0.833]},"o":{"x":[0.167],"y":[0.167]},"n":["0p833_0p833_0p167_0p167"],"t":28,"s":[0],"e":[100]},{"i":{"x":[0.833],"y":[0.833]},"o":{"x":[0.167],"y":[0.167]},"n":["0p833_0p833_0p167_0p167"],"t":36,"s":[100],"e":[100]},{"t":54}],"ix":3,"x":"var $bm_rt;\n$bm_rt = loopOut('cycle', 0);"},"x":{"a":0,"k":0,"ix":4},"nm":"蒙版 11"},{"inv":false,"mode":"a","pt":{"a":0,"k":{"i":[[17.703,0],[0,-17.703],[-17.703,0],[0,17.703]],"o":[[-17.703,0],[0,17.703],[17.703,0],[0,-17.703]],"v":[[463.754,72.473],[431.699,104.527],[463.754,136.582],[495.809,104.527]],"c":true},"ix":1},"o":{"a":1,"k":[{"i":{"x":[0.833],"y":[0.833]},"o":{"x":[0.167],"y":[0.167]},"n":["0p833_0p833_0p167_0p167"],"t":36,"s":[100],"e":[0]},{"i":{"x":[0.833],"y":[0.833]},"o":{"x":[0.167],"y":[0.167]},"n":["0p833_0p833_0p167_0p167"],"t":44.5,"s":[0],"e":[100]},{"i":{"x":[0.833],"y":[0.833]},"o":{"x":[0.167],"y":[0.167]},"n":["0p833_0p833_0p167_0p167"],"t":53,"s":[100],"e":[100]},{"t":77}],"ix":3,"x":"var $bm_rt;\n$bm_rt = loopOut('cycle', 0);"},"x":{"a":0,"k":0,"ix":4},"nm":"蒙版 12"},{"inv":false,"mode":"a","pt":{"a":0,"k":{"i":[[8.829,0],[0,-8.829],[-8.829,0],[0,8.829]],"o":[[-8.829,0],[0,8.829],[8.829,0],[0,-8.829]],"v":[[282.939,59.75],[266.953,75.736],[282.939,91.723],[298.926,75.736]],"c":true},"ix":1},"o":{"a":0,"k":100,"ix":3},"x":{"a":0,"k":0,"ix":4},"nm":"蒙版 13"},{"inv":false,"mode":"a","pt":{"a":0,"k":{"i":[[16.794,0],[0,-16.794],[-16.794,0],[0,16.794]],"o":[[-16.794,0],[0,16.794],[16.794,0],[0,-16.794]],"v":[[323.193,171.684],[292.785,202.092],[323.193,232.5],[353.602,202.092]],"c":true},"ix":1},"o":{"a":1,"k":[{"i":{"x":[0.833],"y":[0.833]},"o":{"x":[0.167],"y":[0.167]},"n":["0p833_0p833_0p167_0p167"],"t":0,"s":[100],"e":[0]},{"i":{"x":[0.833],"y":[0.833]},"o":{"x":[0.167],"y":[0.167]},"n":["0p833_0p833_0p167_0p167"],"t":8.5,"s":[0],"e":[100]},{"i":{"x":[0.833],"y":[0.833]},"o":{"x":[0.167],"y":[0.167]},"n":["0p833_0p833_0p167_0p167"],"t":17,"s":[100],"e":[100]},{"t":56}],"ix":3,"x":"var $bm_rt;\n$bm_rt = loopOut('cycle', 0);"},"x":{"a":0,"k":0,"ix":4},"nm":"蒙版 14"},{"inv":false,"mode":"a","pt":{"a":0,"k":{"i":[[16.365,0],[0,-16.365],[-16.365,0],[0,16.365]],"o":[[-16.365,0],[0,16.365],[16.365,0],[0,-16.365]],"v":[[140.295,109.523],[110.664,139.154],[140.295,168.785],[169.926,139.154]],"c":true},"ix":1},"o":{"a":1,"k":[{"i":{"x":[0.833],"y":[0.833]},"o":{"x":[0.167],"y":[0.167]},"n":["0p833_0p833_0p167_0p167"],"t":47,"s":[100],"e":[0]},{"i":{"x":[0.833],"y":[0.833]},"o":{"x":[0.167],"y":[0.167]},"n":["0p833_0p833_0p167_0p167"],"t":56,"s":[0],"e":[100]},{"i":{"x":[0.833],"y":[0.833]},"o":{"x":[0.167],"y":[0.167]},"n":["0p833_0p833_0p167_0p167"],"t":65,"s":[100],"e":[100]},{"t":101}],"ix":3,"x":"var $bm_rt;\n$bm_rt = loopOut('cycle', 0);"},"x":{"a":0,"k":0,"ix":4},"nm":"蒙版 15"},{"inv":false,"mode":"a","pt":{"a":0,"k":{"i":[[10.68,0],[0,-10.68],[-10.68,0],[0,10.68]],"o":[[-10.68,0],[0,10.68],[10.68,0],[0,-10.68]],"v":[[216.9,211.348],[197.562,230.686],[216.9,250.023],[236.238,230.686]],"c":true},"ix":1},"o":{"a":0,"k":100,"ix":3},"x":{"a":0,"k":0,"ix":4},"nm":"蒙版 16"},{"inv":false,"mode":"a","pt":{"a":0,"k":{"i":[[8.856,0],[0,-8.856],[-8.856,0],[0,8.856]],"o":[[-8.856,0],[0,8.856],[8.856,0],[0,-8.856]],"v":[[33.945,376.586],[17.91,392.621],[33.945,408.656],[49.98,392.621]],"c":true},"ix":1},"o":{"a":0,"k":100,"ix":3},"x":{"a":0,"k":0,"ix":4},"nm":"蒙版 17"},{"inv":false,"mode":"a","pt":{"a":0,"k":{"i":[[7.816,0],[0,-7.816],[-7.816,0],[0,7.816]],"o":[[-7.816,0],[0,7.816],[7.816,0],[0,-7.816]],"v":[[119.254,371.641],[105.102,385.793],[119.254,399.945],[133.406,385.793]],"c":true},"ix":1},"o":{"a":0,"k":100,"ix":3},"x":{"a":0,"k":0,"ix":4},"nm":"蒙版 18"},{"inv":false,"mode":"a","pt":{"a":0,"k":{"i":[[9.965,0],[0,-9.965],[-9.965,0],[0,9.965]],"o":[[-9.965,0],[0,9.965],[9.965,0],[0,-9.965]],"v":[[192.309,414.121],[174.266,432.164],[192.309,450.207],[210.352,432.164]],"c":true},"ix":1},"o":{"a":0,"k":100,"ix":3},"x":{"a":0,"k":0,"ix":4},"nm":"蒙版 19"},{"inv":false,"mode":"a","pt":{"a":0,"k":{"i":[[8.846,0],[0,-8.846],[-8.846,0],[0,8.846]],"o":[[-8.846,0],[0,8.846],[8.846,0],[0,-8.846]],"v":[[172.936,504.266],[156.918,520.283],[172.936,536.301],[188.953,520.283]],"c":true},"ix":1},"o":{"a":0,"k":100,"ix":3},"x":{"a":0,"k":0,"ix":4},"nm":"蒙版 20"},{"inv":false,"mode":"a","pt":{"a":0,"k":{"i":[[12.644,0],[0,-13.677],[-12.644,0],[0,13.677]],"o":[[-12.644,0],[0,13.677],[12.644,0],[0,-13.677]],"v":[[117.57,551.293],[94.676,576.057],[117.57,600.82],[140.465,576.057]],"c":true},"ix":1},"o":{"a":0,"k":100,"ix":3},"x":{"a":0,"k":0,"ix":4},"nm":"蒙版 21"}],"ip":0,"op":191,"st":0,"bm":0}]}],"layers":[{"ddd":0,"ind":2,"ty":0,"nm":"loading_light","refId":"comp_0","sr":1,"ks":{"o":{"a":0,"k":100,"ix":11},"r":{"a":0,"k":0,"ix":10},"p":{"a":0,"k":[540,960,0],"ix":2},"a":{"a":0,"k":[540,960,0],"ix":1},"s":{"a":0,"k":[100,100,100],"ix":6}},"ao":0,"hasMask":true,"masksProperties":[{"inv":false,"mode":"a","pt":{"a":0,"k":{"i":[[6.938,0],[0,0],[0,-6.938],[-6.938,0],[0,0],[0,6.938]],"o":[[0,0],[-6.938,0],[0,6.938],[0,0],[6.938,0],[0,-6.938]],"v":[[987.096,1480.094],[91.716,1480.138],[79.154,1492.7],[91.716,1505.262],[987.096,1505.218],[999.658,1492.656]],"c":true},"ix":1},"o":{"a":0,"k":100,"ix":3},"x":{"a":0,"k":0,"ix":4},"nm":"蒙版 1"}],"w":1080,"h":1920,"ip":0,"op":425,"st":0,"bm":0},{"ddd":0,"ind":3,"ty":0,"nm":"loading_progress","refId":"comp_2","sr":1,"ks":{"o":{"a":0,"k":100,"ix":11},"r":{"a":0,"k":0,"ix":10},"p":{"a":0,"k":[540,917,0],"ix":2},"a":{"a":0,"k":[540,960,0],"ix":1},"s":{"a":0,"k":[100,100,100],"ix":6}},"ao":0,"hasMask":true,"masksProperties":[{"inv":false,"mode":"a","pt":{"a":0,"k":{"i":[[6.938,0],[0,0],[0,-6.938],[-6.938,0],[0,0],[0,6.938]],"o":[[0,0],[-6.938,0],[0,6.938],[0,0],[6.938,0],[0,-6.938]],"v":[[987.238,1522.406],[91.858,1522.451],[79.296,1535.013],[91.858,1547.575],[987.238,1547.53],[999.8,1534.968]],"c":true},"ix":1},"o":{"a":0,"k":100,"ix":3},"x":{"a":0,"k":0,"ix":4},"nm":"蒙版 1"}],"w":1080,"h":1920,"ip":0,"op":425,"st":0,"bm":0},{"ddd":0,"ind":4,"ty":2,"nm":"loading_bg","refId":"image_2","sr":1,"ks":{"o":{"a":0,"k":100,"ix":11},"r":{"a":0,"k":0,"ix":10},"p":{"a":0,"k":[540,1492.694,0],"ix":2},"a":{"a":0,"k":[483,30,0],"ix":1},"s":{"a":0,"k":[100,100,100],"ix":6}},"ao":0,"ip":0,"op":426,"st":0,"bm":0},{"ddd":0,"ind":5,"ty":2,"nm":"weather.png","cl":"png","parent":6,"refId":"image_3","sr":1,"ks":{"o":{"a":1,"k":[{"i":{"x":[0.667],"y":[1]},"o":{"x":[0.167],"y":[0.167]},"n":["0p667_1_0p167_0p167"],"t":295,"s":[0],"e":[100]},{"t":302}],"ix":11},"r":{"a":0,"k":0,"ix":10},"p":{"a":1,"k":[{"i":{"x":0.833,"y":0.833},"o":{"x":0.167,"y":0.167},"n":"0p833_0p833_0p167_0p167","t":306,"s":[500.612,512.367,0],"e":[500.612,531.367,0],"to":[0,3.16666674613953,0],"ti":[0,0,0]},{"i":{"x":0.833,"y":0.833},"o":{"x":0.167,"y":0.167},"n":"0p833_0p833_0p167_0p167","t":324,"s":[500.612,531.367,0],"e":[500.612,512.367,0],"to":[0,0,0],"ti":[0,3.16666674613953,0]},{"t":342}],"ix":2,"x":"var $bm_rt;\n$bm_rt = loopOut('cycle', 0);"},"a":{"a":0,"k":[540,960,0],"ix":1},"s":{"a":0,"k":[100,100,100],"ix":6}},"ao":0,"ip":0,"op":426,"st":0,"bm":0},{"ddd":0,"ind":6,"ty":2,"nm":"weather_reporter","refId":"image_4","sr":1,"ks":{"o":{"a":1,"k":[{"i":{"x":[0.667],"y":[1]},"o":{"x":[0.167],"y":[0.167]},"n":["0p667_1_0p167_0p167"],"t":295,"s":[0],"e":[100]},{"t":302}],"ix":11},"r":{"a":0,"k":0,"ix":10},"p":{"a":0,"k":[540,1248,0],"ix":2},"a":{"a":0,"k":[498,697,0],"ix":1},"s":{"a":1,"k":[{"i":{"x":[0.667,0.667,0.667],"y":[1,1,1]},"o":{"x":[0.167,0.167,0.167],"y":[0.167,0.167,-0.112]},"n":["0p667_1_0p167_0p167","0p667_1_0p167_0p167","0p667_1_0p167_-0p112"],"t":295,"s":[150,150,100],"e":[100,100,100]},{"t":302}],"ix":6}},"ao":0,"ip":0,"op":426,"st":0,"bm":0},{"ddd":0,"ind":7,"ty":0,"nm":"star_loop","parent":6,"refId":"comp_3","sr":1,"ks":{"o":{"a":1,"k":[{"i":{"x":[0.667],"y":[1]},"o":{"x":[0.167],"y":[0.167]},"n":["0p667_1_0p167_0p167"],"t":295,"s":[0],"e":[100]},{"t":302}],"ix":11},"r":{"a":0,"k":0,"ix":10},"p":{"a":0,"k":[511.867,208.431,0],"ix":2},"a":{"a":0,"k":[415.5,306.5,0],"ix":1},"s":{"a":0,"k":[130.582,130.582,100],"ix":6}},"ao":0,"w":831,"h":613,"ip":294,"op":485,"st":294,"bm":0},{"ddd":0,"ind":8,"ty":4,"nm":"o","parent":11,"sr":1,"ks":{"o":{"a":1,"k":[{"i":{"x":[0.667],"y":[1]},"o":{"x":[0.167],"y":[0.167]},"n":["0p667_1_0p167_0p167"],"t":189,"s":[0],"e":[100]},{"i":{"x":[0.833],"y":[0.833]},"o":{"x":[0.167],"y":[0.167]},"n":["0p833_0p833_0p167_0p167"],"t":196,"s":[100],"e":[100]},{"i":{"x":[0.833],"y":[0.833]},"o":{"x":[0.333],"y":[0]},"n":["0p833_0p833_0p333_0"],"t":288,"s":[100],"e":[0]},{"t":295}],"ix":11},"r":{"a":0,"k":0,"ix":10},"p":{"a":0,"k":[407.039,597.508,0],"ix":2},"a":{"a":0,"k":[-132.961,-2.992,0],"ix":1},"s":{"a":0,"k":[100,100,100],"ix":6}},"ao":0,"shapes":[{"ty":"gr","it":[{"d":1,"ty":"el","s":{"a":0,"k":[21.118,21.118],"ix":2},"p":{"a":0,"k":[0,0],"ix":3},"nm":"椭圆路径 1","mn":"ADBE Vector Shape - Ellipse","hd":false},{"ty":"st","c":{"a":0,"k":[0.654901960784,0.862744978362,1,1],"ix":3},"o":{"a":0,"k":100,"ix":4},"w":{"a":0,"k":4,"ix":5},"lc":1,"lj":1,"ml":4,"ml2":{"a":0,"k":4,"ix":8},"nm":"描边 1","mn":"ADBE Vector Graphic - Stroke","hd":true},{"ty":"fl","c":{"a":0,"k":[0.047058823529,0.376470588235,0.647058823529,1],"ix":4},"o":{"a":0,"k":100,"ix":5},"r":1,"nm":"填充 1","mn":"ADBE Vector Graphic - Fill","hd":false},{"ty":"tr","p":{"a":0,"k":[-132.961,-2.992],"ix":2},"a":{"a":0,"k":[0,0],"ix":1},"s":{"a":0,"k":[120.465,120.465],"ix":3},"r":{"a":0,"k":0,"ix":6},"o":{"a":0,"k":100,"ix":7},"sk":{"a":0,"k":0,"ix":4},"sa":{"a":0,"k":0,"ix":5},"nm":"变换"}],"nm":"椭圆 2","np":3,"cix":2,"ix":1,"mn":"ADBE Vector Group","hd":false}],"ip":0,"op":375,"st":0,"bm":0},{"ddd":0,"ind":9,"ty":4,"nm":"wind","parent":11,"sr":1,"ks":{"o":{"a":1,"k":[{"i":{"x":[0.667],"y":[1]},"o":{"x":[0.167],"y":[0.167]},"n":["0p667_1_0p167_0p167"],"t":189,"s":[0],"e":[100]},{"i":{"x":[0.833],"y":[0.833]},"o":{"x":[0.167],"y":[0.167]},"n":["0p833_0p833_0p167_0p167"],"t":196,"s":[100],"e":[100]},{"i":{"x":[0.833],"y":[0.833]},"o":{"x":[0.333],"y":[0]},"n":["0p833_0p833_0p333_0"],"t":288,"s":[100],"e":[0]},{"t":295}],"ix":11},"r":{"a":1,"k":[{"i":{"x":[0.833],"y":[0.833]},"o":{"x":[0.167],"y":[0.167]},"n":["0p833_0p833_0p167_0p167"],"t":196,"s":[30],"e":[390]},{"t":214}],"ix":10,"x":"var $bm_rt;\n$bm_rt = loopOut('cycle', 0);"},"p":{"a":0,"k":[407.35,597.624,0],"ix":2},"a":{"a":0,"k":[-104.4,4.374,0],"ix":1},"s":{"a":0,"k":[110.365,114.304,100],"ix":6}},"ao":0,"shapes":[{"ty":"gr","it":[{"ty":"rc","d":1,"s":{"a":0,"k":[11.905,91.358],"ix":2},"p":{"a":0,"k":[0,0],"ix":3},"r":{"a":0,"k":0,"ix":4},"nm":"矩形路径 1","mn":"ADBE Vector Shape - Rect","hd":false},{"ty":"st","c":{"a":0,"k":[1,1,1,1],"ix":3},"o":{"a":0,"k":100,"ix":4},"w":{"a":0,"k":4,"ix":5},"lc":1,"lj":1,"ml":4,"ml2":{"a":0,"k":4,"ix":8},"nm":"描边 1","mn":"ADBE Vector Graphic - Stroke","hd":true},{"ty":"fl","c":{"a":0,"k":[0.760784313725,0.886274509804,0.96862745098,1],"ix":4},"o":{"a":0,"k":100,"ix":5},"r":1,"nm":"填充 1","mn":"ADBE Vector Graphic - Fill","hd":false},{"ty":"tr","p":{"a":0,"k":[-104.686,4.374],"ix":2},"a":{"a":0,"k":[0,0],"ix":1},"s":{"a":0,"k":[100,100],"ix":3},"r":{"a":0,"k":0,"ix":6},"o":{"a":0,"k":100,"ix":7},"sk":{"a":0,"k":0,"ix":4},"sa":{"a":0,"k":0,"ix":5},"nm":"变换"}],"nm":"矩形 1","np":3,"cix":2,"ix":1,"mn":"ADBE Vector Group","hd":false}],"ip":0,"op":375,"st":0,"bm":0},{"ddd":0,"ind":10,"ty":2,"nm":"radar2.png","cl":"png","parent":11,"refId":"image_6","sr":1,"ks":{"o":{"a":1,"k":[{"i":{"x":[0.667],"y":[1]},"o":{"x":[0.167],"y":[0.167]},"n":["0p667_1_0p167_0p167"],"t":189,"s":[0],"e":[100]},{"i":{"x":[0.833],"y":[0.833]},"o":{"x":[0.167],"y":[0.167]},"n":["0p833_0p833_0p167_0p167"],"t":196,"s":[100],"e":[100]},{"i":{"x":[0.833],"y":[0.833]},"o":{"x":[0.333],"y":[0]},"n":["0p833_0p833_0p333_0"],"t":288,"s":[100],"e":[0]},{"t":295}],"ix":11},"r":{"a":0,"k":0,"ix":10},"p":{"a":0,"k":[221,673,0],"ix":2},"a":{"a":0,"k":[164,176.5,0],"ix":1},"s":{"a":0,"k":[100,100,100],"ix":6}},"ao":0,"ef":[{"ty":34,"nm":"操控","np":6,"mn":"ADBE FreePin3","ix":1,"en":1,"ef":[{"ty":7,"nm":"人偶引擎","mn":"ADBE FreePin3 Puppet Engine","ix":1,"v":{"a":0,"k":1,"ix":1}},{"ty":0,"nm":"网格旋转调整","mn":"ADBE FreePin3 Auto Rotate Pins","ix":2,"v":{"a":0,"k":20,"ix":2}},{"ty":7,"nm":"在透明背景上","mn":"ADBE FreePin3 On Transparent","ix":3,"v":{"a":0,"k":0,"ix":3}},{"ty":25,"nm":"arap","np":3,"mn":"ADBE FreePin3 ARAP Group","ix":4,"en":1,"ef":[{"ty":6,"nm":"自动追踪形状","mn":"ADBE FreePin3 Outlines","ix":1,"v":0},{"ty":1,"nm":"网格","np":2,"mn":"ADBE FreePin3 Mesh Group","ix":2,"en":1,"ef":[{"nm":"网格 1","np":8,"mn":"ADBE FreePin3 Mesh Atom","ix":1,"en":1,"ef":[{"ty":6,"nm":"网格","mn":"ADBE FreePin3 Mesh","ix":1,"v":0},{"ty":0,"nm":"三角形","mn":"ADBE FreePin3 Mesh Tri Count","ix":2,"v":{"a":0,"k":350,"ix":2}},{"ty":0,"nm":"密度","mn":"ADBE FreePin3 Mesh Tri Density","ix":3,"v":{"a":0,"k":10,"ix":3}},{"ty":0,"nm":"扩展","mn":"ADBE FreePin3 Mesh Expansion","ix":4,"v":{"a":0,"k":3,"ix":4}},{"nm":"变形","np":4,"mn":"ADBE FreePin3 PosPins","ix":5,"en":1,"ef":[{"nm":"操控点 3","np":7,"mn":"ADBE FreePin3 PosPin Atom","ix":1,"en":1,"ef":[{"ty":3,"nm":"顶点位移","mn":"ADBE FreePin3 PosPin Vtx Offset","ix":1,"v":{"a":0,"k":[-8.928,4.957],"ix":1}},{"ty":0,"nm":"顶点索引","mn":"ADBE FreePin3 PosPin Vtx Index","ix":2,"v":{"a":0,"k":144,"ix":2}},{"ty":7,"nm":"固定类型","mn":"ADBE FreePin3 PosPin Type","ix":3,"v":{"a":0,"k":1,"ix":3}},{"ty":3,"nm":"位置","mn":"ADBE FreePin3 PosPin Position","ix":4,"v":{"a":0,"k":[80,332],"ix":4}},{"ty":0,"nm":"缩放","mn":"ADBE FreePin3 PosPin Scale","ix":5,"v":{"a":0,"k":100,"ix":5}},{"ty":0,"nm":"旋转","mn":"ADBE FreePin3 PosPin Rotation","ix":6,"v":{"a":0,"k":0,"ix":6}}]},{"nm":"操控点 2","np":7,"mn":"ADBE FreePin3 PosPin Atom","ix":2,"en":1,"ef":[{"ty":3,"nm":"顶点位移","mn":"ADBE FreePin3 PosPin Vtx Offset","ix":1,"v":{"a":0,"k":[-0.475,0.007],"ix":1}},{"ty":0,"nm":"顶点索引","mn":"ADBE FreePin3 PosPin Vtx Index","ix":2,"v":{"a":0,"k":110,"ix":2}},{"ty":7,"nm":"固定类型","mn":"ADBE FreePin3 PosPin Type","ix":3,"v":{"a":0,"k":1,"ix":3}},{"ty":3,"nm":"位置","mn":"ADBE FreePin3 PosPin Position","ix":4,"v":{"a":1,"k":[{"i":{"x":0,"y":0},"o":{"x":0,"y":0},"n":"0_0_0_0","t":0,"s":[220,64],"e":[224,71],"to":[0.66666668653488,1.16666662693024],"ti":[0,0]},{"i":{"x":0,"y":0},"o":{"x":0,"y":0},"n":"0_0_0_0","t":0,"s":[224,71],"e":[220,64],"to":[0,0],"ti":[0.66666668653488,1.16666662693024]},{"t":null}],"ix":4,"x":"var $bm_rt;\n$bm_rt = loopOut('cycle', 0);"}},{"ty":0,"nm":"缩放","mn":"ADBE FreePin3 PosPin Scale","ix":5,"v":{"a":0,"k":100,"ix":5}},{"ty":0,"nm":"旋转","mn":"ADBE FreePin3 PosPin Rotation","ix":6,"v":{"a":0,"k":0,"ix":6}}]},{"nm":"操控点 1","np":7,"mn":"ADBE FreePin3 PosPin Atom","ix":3,"en":1,"ef":[{"ty":3,"nm":"顶点位移","mn":"ADBE FreePin3 PosPin Vtx Offset","ix":1,"v":{"a":0,"k":[2.382,-0.985],"ix":1}},{"ty":0,"nm":"顶点索引","mn":"ADBE FreePin3 PosPin Vtx Index","ix":2,"v":{"a":0,"k":113,"ix":2}},{"ty":7,"nm":"固定类型","mn":"ADBE FreePin3 PosPin Type","ix":3,"v":{"a":0,"k":1,"ix":3}},{"ty":3,"nm":"位置","mn":"ADBE FreePin3 PosPin Position","ix":4,"v":{"a":0,"k":[79,223],"ix":4}},{"ty":0,"nm":"缩放","mn":"ADBE FreePin3 PosPin Scale","ix":5,"v":{"a":0,"k":100,"ix":5}},{"ty":0,"nm":"旋转","mn":"ADBE FreePin3 PosPin Rotation","ix":6,"v":{"a":0,"k":0,"ix":6}}]}]},{"nm":"重叠","np":1,"mn":"ADBE FreePin3 HghtPins","ix":6,"en":1,"ef":[]},{"nm":"硬度","np":1,"mn":"ADBE FreePin3 StarchPins","ix":7,"en":1,"ef":[]}]}]}]}]}],"ip":0,"op":375,"st":0,"bm":0},{"ddd":0,"ind":11,"ty":2,"nm":"house.png","cl":"png","refId":"image_7","sr":1,"ks":{"o":{"a":1,"k":[{"i":{"x":[0.667],"y":[1]},"o":{"x":[0.167],"y":[0.167]},"n":["0p667_1_0p167_0p167"],"t":189,"s":[0],"e":[100]},{"i":{"x":[0.833],"y":[0.833]},"o":{"x":[0.167],"y":[0.167]},"n":["0p833_0p833_0p167_0p167"],"t":196,"s":[100],"e":[100]},{"i":{"x":[0.833],"y":[0.833]},"o":{"x":[0.333],"y":[0]},"n":["0p833_0p833_0p333_0"],"t":288,"s":[100],"e":[0]},{"t":295}],"ix":11},"r":{"a":0,"k":0,"ix":10},"p":{"a":0,"k":[540,809,0],"ix":2},"a":{"a":0,"k":[540,449.5,0],"ix":1},"s":{"a":1,"k":[{"i":{"x":[0.667,0.667,0.667],"y":[1,1,1]},"o":{"x":[0.167,0.167,0.167],"y":[0.167,0.167,0.11]},"n":["0p667_1_0p167_0p167","0p667_1_0p167_0p167","0p667_1_0p167_0p11"],"t":189,"s":[150,150,100],"e":[100,100,100]},{"i":{"x":[0.833,0.833,0.833],"y":[0.833,0.833,0.833]},"o":{"x":[0.167,0.167,0.167],"y":[0.167,0.167,0.167]},"n":["0p833_0p833_0p167_0p167","0p833_0p833_0p167_0p167","0p833_0p833_0p167_0p167"],"t":196,"s":[100,100,100],"e":[100,100,100]},{"i":{"x":[0.833,0.833,0.833],"y":[0.833,0.833,1]},"o":{"x":[0.333,0.333,0.333],"y":[0,0,0]},"n":["0p833_0p833_0p333_0","0p833_0p833_0p333_0","0p833_1_0p333_0"],"t":288,"s":[100,100,100],"e":[150,150,100]},{"t":295}],"ix":6}},"ao":0,"ip":0,"op":375,"st":0,"bm":0},{"ddd":0,"ind":12,"ty":0,"nm":"star_loop","parent":11,"refId":"comp_3","sr":1,"ks":{"o":{"a":1,"k":[{"i":{"x":[0.667],"y":[1]},"o":{"x":[0.167],"y":[0]},"n":["0p667_1_0p167_0"],"t":189,"s":[100],"e":[100]},{"i":{"x":[0.833],"y":[0.833]},"o":{"x":[0.167],"y":[0.167]},"n":["0p833_0p833_0p167_0p167"],"t":196,"s":[100],"e":[100]},{"i":{"x":[0.833],"y":[0.833]},"o":{"x":[0.333],"y":[0]},"n":["0p833_0p833_0p333_0"],"t":288,"s":[100],"e":[0]},{"t":295}],"ix":11},"r":{"a":0,"k":0,"ix":10},"p":{"a":0,"k":[522.312,65.15,0],"ix":2},"a":{"a":0,"k":[415.5,306.5,0],"ix":1},"s":{"a":0,"k":[110.552,110.552,100],"ix":6}},"ao":0,"w":831,"h":613,"ip":188,"op":379,"st":188,"bm":0},{"ddd":0,"ind":13,"ty":2,"nm":"location.png","cl":"png","parent":37,"refId":"image_8","sr":1,"ks":{"o":{"a":1,"k":[{"i":{"x":[0.833],"y":[0.833]},"o":{"x":[0.333],"y":[0]},"n":["0p833_0p833_0p333_0"],"t":183,"s":[100],"e":[0]},{"t":190}],"ix":11},"r":{"a":0,"k":0,"ix":10},"p":{"a":1,"k":[{"i":{"x":0.667,"y":1},"o":{"x":0.167,"y":0.167},"n":"0p667_1_0p167_0p167","t":112,"s":[498,-56,0],"e":[498,-54.378,0],"to":[0,0.27040863037109,0],"ti":[0,-1.10374200344086,0]},{"i":{"x":0.667,"y":1},"o":{"x":0.167,"y":0.167},"n":"0p667_1_0p167_0p167","t":113,"s":[498,-54.378,0],"e":[498,-49.378,0],"to":[0,1.10374200344086,0],"ti":[0,0.27040863037109,0]},{"i":{"x":0.667,"y":1},"o":{"x":0.167,"y":0.167},"n":"0p667_1_0p167_0p167","t":117,"s":[498,-49.378,0],"e":[498,-56,0],"to":[0,-0.27040863037109,0],"ti":[0,0.83333331346512,0]},{"i":{"x":0.667,"y":1},"o":{"x":0.167,"y":0.167},"n":"0p667_1_0p167_0p167","t":122,"s":[498,-56,0],"e":[498,-54.378,0],"to":[0,-0.83333331346512,0],"ti":[0,0,0]},{"i":{"x":0.667,"y":1},"o":{"x":0.167,"y":0.167},"n":"0p667_1_0p167_0p167","t":128,"s":[498,-54.378,0],"e":[498,-56,0],"to":[0,0,0],"ti":[0,0,0]},{"i":{"x":0.667,"y":1},"o":{"x":0.167,"y":0.167},"n":"0p667_1_0p167_0p167","t":139,"s":[498,-56,0],"e":[498,-54.378,0],"to":[0,0,0],"ti":[0,-1.10374200344086,0]},{"i":{"x":0.667,"y":1},"o":{"x":0.167,"y":0.167},"n":"0p667_1_0p167_0p167","t":140,"s":[498,-54.378,0],"e":[498,-49.378,0],"to":[0,1.10374200344086,0],"ti":[0,0.27040863037109,0]},{"i":{"x":0.667,"y":1},"o":{"x":0.167,"y":0.167},"n":"0p667_1_0p167_0p167","t":144,"s":[498,-49.378,0],"e":[498,-56,0],"to":[0,-0.27040863037109,0],"ti":[0,0.83333331346512,0]},{"i":{"x":0.667,"y":1},"o":{"x":0.167,"y":0.167},"n":"0p667_1_0p167_0p167","t":149,"s":[498,-56,0],"e":[498,-54.378,0],"to":[0,-0.83333331346512,0],"ti":[0,0,0]},{"i":{"x":0.667,"y":1},"o":{"x":0.167,"y":0.167},"n":"0p667_1_0p167_0p167","t":155,"s":[498,-54.378,0],"e":[498,-56,0],"to":[0,0,0],"ti":[0,0,0]},{"i":{"x":0.667,"y":1},"o":{"x":0.167,"y":0.167},"n":"0p667_1_0p167_0p167","t":167,"s":[498,-56,0],"e":[498,-54.378,0],"to":[0,0,0],"ti":[0,-1.10374200344086,0]},{"i":{"x":0.667,"y":1},"o":{"x":0.167,"y":0.167},"n":"0p667_1_0p167_0p167","t":168,"s":[498,-54.378,0],"e":[498,-49.378,0],"to":[0,1.10374200344086,0],"ti":[0,0.27040863037109,0]},{"i":{"x":0.667,"y":1},"o":{"x":0.167,"y":0.167},"n":"0p667_1_0p167_0p167","t":172,"s":[498,-49.378,0],"e":[498,-56,0],"to":[0,-0.27040863037109,0],"ti":[0,0.83333331346512,0]},{"i":{"x":0.667,"y":1},"o":{"x":0.167,"y":0.167},"n":"0p667_1_0p167_0p167","t":177,"s":[498,-56,0],"e":[498,-54.378,0],"to":[0,-0.83333331346512,0],"ti":[0,-0.27040863037109,0]},{"t":183}],"ix":2},"a":{"a":0,"k":[102,140.5,0],"ix":1},"s":{"a":0,"k":[100,100,100],"ix":6}},"ao":0,"ip":108,"op":376,"st":108,"bm":0},{"ddd":0,"ind":14,"ty":2,"nm":"location.png","cl":"png","parent":37,"refId":"image_8","sr":1,"ks":{"o":{"a":1,"k":[{"i":{"x":[0.667],"y":[1]},"o":{"x":[0.167],"y":[0.167]},"n":["0p667_1_0p167_0p167"],"t":98,"s":[0],"e":[100]},{"t":108}],"ix":11},"r":{"a":0,"k":0,"ix":10},"p":{"a":1,"k":[{"i":{"x":0.667,"y":1},"o":{"x":0.167,"y":0.167},"n":"0p667_1_0p167_0p167","t":98,"s":[806,121.622,0],"e":[498,-54.378,0],"to":[-31.3333339691162,-89.3333358764648,0],"ti":[157.33332824707,-26.6666660308838,0]},{"t":108}],"ix":2},"a":{"a":0,"k":[102,140.5,0],"ix":1},"s":{"a":0,"k":[100,100,100],"ix":6}},"ao":0,"ip":0,"op":109,"st":0,"bm":0},{"ddd":0,"ind":15,"ty":2,"nm":"l_light1.png","cl":"png","refId":"image_9","sr":1,"ks":{"o":{"a":1,"k":[{"i":{"x":[0.833],"y":[0.833]},"o":{"x":[0.333],"y":[0]},"n":["0p833_0p833_0p333_0"],"t":173,"s":[100],"e":[0]},{"t":178}],"ix":11},"r":{"a":0,"k":0,"ix":10},"p":{"a":0,"k":[540,1028.5,0],"ix":2},"a":{"a":0,"k":[42,29,0],"ix":1},"s":{"a":1,"k":[{"i":{"x":[0.667,0.667,0.667],"y":[1,1,1]},"o":{"x":[0.167,0.167,0.167],"y":[0.167,0.167,16.667]},"n":["0p667_1_0p167_0p167","0p667_1_0p167_0p167","0p667_1_0p167_16p667"],"t":167,"s":[0,0,100],"e":[100,100,100]},{"t":173}],"ix":6}},"ao":0,"ip":166,"op":181,"st":60,"bm":0},{"ddd":0,"ind":16,"ty":2,"nm":"l_light2.png","cl":"png","refId":"image_10","sr":1,"ks":{"o":{"a":1,"k":[{"i":{"x":[0.833],"y":[0.833]},"o":{"x":[0.333],"y":[0]},"n":["0p833_0p833_0p333_0"],"t":174,"s":[100],"e":[0]},{"t":179}],"ix":11},"r":{"a":0,"k":0,"ix":10},"p":{"a":0,"k":[540,1028.5,0],"ix":2},"a":{"a":0,"k":[86,42,0],"ix":1},"s":{"a":1,"k":[{"i":{"x":[0.667,0.667,0.667],"y":[1,1,1]},"o":{"x":[0.167,0.167,0.167],"y":[0.167,0.167,16.667]},"n":["0p667_1_0p167_0p167","0p667_1_0p167_0p167","0p667_1_0p167_16p667"],"t":168,"s":[0,0,100],"e":[100,100,100]},{"t":174}],"ix":6}},"ao":0,"ip":166,"op":181,"st":60,"bm":0},{"ddd":0,"ind":17,"ty":2,"nm":"l_light3.png","cl":"png","refId":"image_11","sr":1,"ks":{"o":{"a":1,"k":[{"i":{"x":[0.833],"y":[0.833]},"o":{"x":[0.333],"y":[0]},"n":["0p833_0p833_0p333_0"],"t":175,"s":[100],"e":[0]},{"t":180}],"ix":11},"r":{"a":0,"k":0,"ix":10},"p":{"a":0,"k":[540,1028.5,0],"ix":2},"a":{"a":0,"k":[135,57.5,0],"ix":1},"s":{"a":1,"k":[{"i":{"x":[0.667,0.667,0.667],"y":[1,1,1]},"o":{"x":[0.167,0.167,0.167],"y":[0.167,0.167,16.667]},"n":["0p667_1_0p167_0p167","0p667_1_0p167_0p167","0p667_1_0p167_16p667"],"t":169,"s":[0,0,100],"e":[100,100,100]},{"t":175}],"ix":6}},"ao":0,"ip":166,"op":181,"st":60,"bm":0},{"ddd":0,"ind":18,"ty":2,"nm":"l_light1.png","cl":"png","refId":"image_9","sr":1,"ks":{"o":{"a":1,"k":[{"i":{"x":[0.833],"y":[0.833]},"o":{"x":[0.333],"y":[0]},"n":["0p833_0p833_0p333_0"],"t":145,"s":[100],"e":[0]},{"t":150}],"ix":11},"r":{"a":0,"k":0,"ix":10},"p":{"a":0,"k":[540,1028.5,0],"ix":2},"a":{"a":0,"k":[42,29,0],"ix":1},"s":{"a":1,"k":[{"i":{"x":[0.667,0.667,0.667],"y":[1,1,1]},"o":{"x":[0.167,0.167,0.167],"y":[0.167,0.167,16.667]},"n":["0p667_1_0p167_0p167","0p667_1_0p167_0p167","0p667_1_0p167_16p667"],"t":139,"s":[0,0,100],"e":[100,100,100]},{"t":145}],"ix":6}},"ao":0,"ip":138,"op":153,"st":32,"bm":0},{"ddd":0,"ind":19,"ty":2,"nm":"l_light2.png","cl":"png","refId":"image_10","sr":1,"ks":{"o":{"a":1,"k":[{"i":{"x":[0.833],"y":[0.833]},"o":{"x":[0.333],"y":[0]},"n":["0p833_0p833_0p333_0"],"t":146,"s":[100],"e":[0]},{"t":151}],"ix":11},"r":{"a":0,"k":0,"ix":10},"p":{"a":0,"k":[540,1028.5,0],"ix":2},"a":{"a":0,"k":[86,42,0],"ix":1},"s":{"a":1,"k":[{"i":{"x":[0.667,0.667,0.667],"y":[1,1,1]},"o":{"x":[0.167,0.167,0.167],"y":[0.167,0.167,16.667]},"n":["0p667_1_0p167_0p167","0p667_1_0p167_0p167","0p667_1_0p167_16p667"],"t":140,"s":[0,0,100],"e":[100,100,100]},{"t":146}],"ix":6}},"ao":0,"ip":138,"op":153,"st":32,"bm":0},{"ddd":0,"ind":20,"ty":2,"nm":"l_light3.png","cl":"png","refId":"image_11","sr":1,"ks":{"o":{"a":1,"k":[{"i":{"x":[0.833],"y":[0.833]},"o":{"x":[0.333],"y":[0]},"n":["0p833_0p833_0p333_0"],"t":147,"s":[100],"e":[0]},{"t":152}],"ix":11},"r":{"a":0,"k":0,"ix":10},"p":{"a":0,"k":[540,1028.5,0],"ix":2},"a":{"a":0,"k":[135,57.5,0],"ix":1},"s":{"a":1,"k":[{"i":{"x":[0.667,0.667,0.667],"y":[1,1,1]},"o":{"x":[0.167,0.167,0.167],"y":[0.167,0.167,16.667]},"n":["0p667_1_0p167_0p167","0p667_1_0p167_0p167","0p667_1_0p167_16p667"],"t":141,"s":[0,0,100],"e":[100,100,100]},{"t":147}],"ix":6}},"ao":0,"ip":138,"op":153,"st":32,"bm":0},{"ddd":0,"ind":21,"ty":2,"nm":"l_light1.png","cl":"png","refId":"image_9","sr":1,"ks":{"o":{"a":1,"k":[{"i":{"x":[0.833],"y":[0.833]},"o":{"x":[0.333],"y":[0]},"n":["0p833_0p833_0p333_0"],"t":118,"s":[100],"e":[0]},{"t":123}],"ix":11},"r":{"a":0,"k":0,"ix":10},"p":{"a":0,"k":[540,1028.5,0],"ix":2},"a":{"a":0,"k":[42,29,0],"ix":1},"s":{"a":1,"k":[{"i":{"x":[0.667,0.667,0.667],"y":[1,1,1]},"o":{"x":[0.167,0.167,0.167],"y":[0.167,0.167,16.667]},"n":["0p667_1_0p167_0p167","0p667_1_0p167_0p167","0p667_1_0p167_16p667"],"t":112,"s":[0,0,100],"e":[100,100,100]},{"t":118}],"ix":6}},"ao":0,"ip":111,"op":126,"st":5,"bm":0},{"ddd":0,"ind":22,"ty":2,"nm":"l_light2.png","cl":"png","refId":"image_10","sr":1,"ks":{"o":{"a":1,"k":[{"i":{"x":[0.833],"y":[0.833]},"o":{"x":[0.333],"y":[0]},"n":["0p833_0p833_0p333_0"],"t":119,"s":[100],"e":[0]},{"t":124}],"ix":11},"r":{"a":0,"k":0,"ix":10},"p":{"a":0,"k":[540,1028.5,0],"ix":2},"a":{"a":0,"k":[86,42,0],"ix":1},"s":{"a":1,"k":[{"i":{"x":[0.667,0.667,0.667],"y":[1,1,1]},"o":{"x":[0.167,0.167,0.167],"y":[0.167,0.167,16.667]},"n":["0p667_1_0p167_0p167","0p667_1_0p167_0p167","0p667_1_0p167_16p667"],"t":113,"s":[0,0,100],"e":[100,100,100]},{"t":119}],"ix":6}},"ao":0,"ip":111,"op":126,"st":5,"bm":0},{"ddd":0,"ind":23,"ty":2,"nm":"l_light3.png","cl":"png","refId":"image_11","sr":1,"ks":{"o":{"a":1,"k":[{"i":{"x":[0.833],"y":[0.833]},"o":{"x":[0.333],"y":[0]},"n":["0p833_0p833_0p333_0"],"t":120,"s":[100],"e":[0]},{"t":125}],"ix":11},"r":{"a":0,"k":0,"ix":10},"p":{"a":0,"k":[540,1028.5,0],"ix":2},"a":{"a":0,"k":[135,57.5,0],"ix":1},"s":{"a":1,"k":[{"i":{"x":[0.667,0.667,0.667],"y":[1,1,1]},"o":{"x":[0.167,0.167,0.167],"y":[0.167,0.167,16.667]},"n":["0p667_1_0p167_0p167","0p667_1_0p167_0p167","0p667_1_0p167_16p667"],"t":114,"s":[0,0,100],"e":[100,100,100]},{"t":120}],"ix":6}},"ao":0,"ip":111,"op":126,"st":5,"bm":0},{"ddd":0,"ind":24,"ty":4,"nm":"satelite_wave2","parent":34,"sr":1,"ks":{"o":{"a":0,"k":100,"ix":11},"r":{"a":0,"k":0,"ix":10},"p":{"a":0,"k":[-172,763,0],"ix":2},"a":{"a":0,"k":[0,0,0],"ix":1},"s":{"a":0,"k":[100,100,100],"ix":6}},"ao":0,"shapes":[{"ty":"gr","it":[{"ind":0,"ty":"sh","ix":1,"ks":{"a":0,"k":{"i":[[0,0],[0,0]],"o":[[0,0],[0,0]],"v":[[231.438,-452.188],[233.688,-444.062]],"c":false},"ix":2},"nm":"路径 1","mn":"ADBE Vector Shape - Group","hd":false},{"ty":"st","c":{"a":0,"k":[0.654901960784,0.862745098039,1,1],"ix":3},"o":{"a":0,"k":100,"ix":4},"w":{"a":0,"k":4,"ix":5},"lc":2,"lj":1,"ml":4,"ml2":{"a":0,"k":4,"ix":8},"nm":"描边 1","mn":"ADBE Vector Graphic - Stroke","hd":false},{"ty":"fl","c":{"a":0,"k":[1,0,0,1],"ix":4},"o":{"a":0,"k":100,"ix":5},"r":1,"nm":"填充 1","mn":"ADBE Vector Graphic - Fill","hd":true},{"ty":"tr","p":{"a":0,"k":[0,0],"ix":2},"a":{"a":0,"k":[0,0],"ix":1},"s":{"a":0,"k":[100,100],"ix":3},"r":{"a":0,"k":0,"ix":6},"o":{"a":0,"k":100,"ix":7},"sk":{"a":0,"k":0,"ix":4},"sa":{"a":0,"k":0,"ix":5},"nm":"变换"}],"nm":"形状 1","np":3,"cix":2,"ix":1,"mn":"ADBE Vector Group","hd":false},{"ty":"tm","s":{"a":1,"k":[{"i":{"x":[0.667],"y":[1]},"o":{"x":[0.167],"y":[0.167]},"n":["0p667_1_0p167_0p167"],"t":56,"s":[0],"e":[100]},{"t":63}],"ix":1},"e":{"a":1,"k":[{"i":{"x":[0.667],"y":[1]},"o":{"x":[0.167],"y":[0.167]},"n":["0p667_1_0p167_0p167"],"t":48,"s":[0],"e":[100]},{"t":56}],"ix":2},"o":{"a":0,"k":0,"ix":3},"m":1,"ix":2,"nm":"修剪路径 1","mn":"ADBE Vector Filter - Trim","hd":false}],"ip":47,"op":64,"st":34,"bm":0},{"ddd":0,"ind":25,"ty":4,"nm":"satelite_wave1","parent":34,"sr":1,"ks":{"o":{"a":0,"k":100,"ix":11},"r":{"a":0,"k":0,"ix":10},"p":{"a":0,"k":[-172,763,0],"ix":2},"a":{"a":0,"k":[0,0,0],"ix":1},"s":{"a":0,"k":[100,100,100],"ix":6}},"ao":0,"shapes":[{"ty":"gr","it":[{"ind":0,"ty":"sh","ix":1,"ks":{"a":0,"k":{"i":[[0,0],[0,0]],"o":[[0,0],[0,0]],"v":[[220.375,-469.005],[220.5,-476.518]],"c":false},"ix":2},"nm":"路径 1","mn":"ADBE Vector Shape - Group","hd":false},{"ty":"st","c":{"a":0,"k":[0.654901960784,0.862745098039,1,1],"ix":3},"o":{"a":0,"k":100,"ix":4},"w":{"a":0,"k":4,"ix":5},"lc":2,"lj":1,"ml":4,"ml2":{"a":0,"k":4,"ix":8},"nm":"描边 1","mn":"ADBE Vector Graphic - Stroke","hd":false},{"ty":"gf","o":{"a":0,"k":100,"ix":10},"r":1,"g":{"p":2,"k":{"a":0,"k":[0,1,1,1,1,0,0,0],"ix":9}},"s":{"a":0,"k":[0,0],"ix":5},"e":{"a":0,"k":[100,0],"ix":6},"t":1,"nm":"渐变填充 1","mn":"ADBE Vector Graphic - G-Fill","hd":true},{"ty":"tr","p":{"a":0,"k":[-0.83,12.545],"ix":2},"a":{"a":0,"k":[0,0],"ix":1},"s":{"a":0,"k":[100,97.466],"ix":3},"r":{"a":0,"k":0,"ix":6},"o":{"a":0,"k":100,"ix":7},"sk":{"a":0,"k":0,"ix":4},"sa":{"a":0,"k":0,"ix":5},"nm":"变换"}],"nm":"形状 6","np":3,"cix":2,"ix":1,"mn":"ADBE Vector Group","hd":false},{"ty":"gr","it":[{"ind":0,"ty":"sh","ix":1,"ks":{"a":0,"k":{"i":[[0,0],[0,0]],"o":[[0,0],[0,0]],"v":[[205.875,-460.5],[209.125,-467.5]],"c":false},"ix":2},"nm":"路径 1","mn":"ADBE Vector Shape - Group","hd":false},{"ty":"st","c":{"a":0,"k":[0.654901960784,0.862745098039,1,1],"ix":3},"o":{"a":0,"k":100,"ix":4},"w":{"a":0,"k":4,"ix":5},"lc":2,"lj":1,"ml":4,"ml2":{"a":0,"k":4,"ix":8},"nm":"描边 1","mn":"ADBE Vector Graphic - Stroke","hd":false},{"ty":"gf","o":{"a":0,"k":100,"ix":10},"r":1,"g":{"p":2,"k":{"a":0,"k":[0,1,1,1,1,0,0,0],"ix":9}},"s":{"a":0,"k":[0,0],"ix":5},"e":{"a":0,"k":[100,0],"ix":6},"t":1,"nm":"渐变填充 1","mn":"ADBE Vector Graphic - G-Fill","hd":true},{"ty":"tr","p":{"a":0,"k":[-0.83,12.295],"ix":2},"a":{"a":0,"k":[0,0],"ix":1},"s":{"a":0,"k":[100,100],"ix":3},"r":{"a":0,"k":0,"ix":6},"o":{"a":0,"k":100,"ix":7},"sk":{"a":0,"k":0,"ix":4},"sa":{"a":0,"k":0,"ix":5},"nm":"变换"}],"nm":"形状 5","np":3,"cix":2,"ix":2,"mn":"ADBE Vector Group","hd":false},{"ty":"gr","it":[{"ind":0,"ty":"sh","ix":1,"ks":{"a":0,"k":{"i":[[0,0],[0,0]],"o":[[0,0],[0,0]],"v":[[194.875,-468.25],[200,-474.25]],"c":false},"ix":2},"nm":"路径 1","mn":"ADBE Vector Shape - Group","hd":false},{"ty":"st","c":{"a":0,"k":[0.654901960784,0.862745098039,1,1],"ix":3},"o":{"a":0,"k":100,"ix":4},"w":{"a":0,"k":4,"ix":5},"lc":2,"lj":1,"ml":4,"ml2":{"a":0,"k":4,"ix":8},"nm":"描边 1","mn":"ADBE Vector Graphic - Stroke","hd":false},{"ty":"gf","o":{"a":0,"k":100,"ix":10},"r":1,"g":{"p":2,"k":{"a":0,"k":[0,1,1,1,1,0,0,0],"ix":9}},"s":{"a":0,"k":[0,0],"ix":5},"e":{"a":0,"k":[100,0],"ix":6},"t":1,"nm":"渐变填充 1","mn":"ADBE Vector Graphic - G-Fill","hd":true},{"ty":"tr","p":{"a":0,"k":[-0.83,12.295],"ix":2},"a":{"a":0,"k":[0,0],"ix":1},"s":{"a":0,"k":[100,100],"ix":3},"r":{"a":0,"k":0,"ix":6},"o":{"a":0,"k":100,"ix":7},"sk":{"a":0,"k":0,"ix":4},"sa":{"a":0,"k":0,"ix":5},"nm":"变换"}],"nm":"形状 4","np":3,"cix":2,"ix":3,"mn":"ADBE Vector Group","hd":false},{"ty":"gr","it":[{"ind":0,"ty":"sh","ix":1,"ks":{"a":0,"k":{"i":[[0,0],[0,0]],"o":[[0,0],[0,0]],"v":[[185.625,-480.5],[192.625,-484]],"c":false},"ix":2},"nm":"路径 1","mn":"ADBE Vector Shape - Group","hd":false},{"ty":"st","c":{"a":0,"k":[0.654901960784,0.862745098039,1,1],"ix":3},"o":{"a":0,"k":100,"ix":4},"w":{"a":0,"k":4,"ix":5},"lc":2,"lj":1,"ml":4,"ml2":{"a":0,"k":4,"ix":8},"nm":"描边 1","mn":"ADBE Vector Graphic - Stroke","hd":false},{"ty":"gf","o":{"a":0,"k":100,"ix":10},"r":1,"g":{"p":2,"k":{"a":0,"k":[0,1,1,1,1,0,0,0],"ix":9}},"s":{"a":0,"k":[0,0],"ix":5},"e":{"a":0,"k":[100,0],"ix":6},"t":1,"nm":"渐变填充 1","mn":"ADBE Vector Graphic - G-Fill","hd":true},{"ty":"tr","p":{"a":0,"k":[-0.83,12.295],"ix":2},"a":{"a":0,"k":[0,0],"ix":1},"s":{"a":0,"k":[100,100],"ix":3},"r":{"a":0,"k":0,"ix":6},"o":{"a":0,"k":100,"ix":7},"sk":{"a":0,"k":0,"ix":4},"sa":{"a":0,"k":0,"ix":5},"nm":"变换"}],"nm":"形状 3","np":3,"cix":2,"ix":4,"mn":"ADBE Vector Group","hd":false},{"ty":"gr","it":[{"ind":0,"ty":"sh","ix":1,"ks":{"a":0,"k":{"i":[[0,0],[0,0]],"o":[[0,0],[0,0]],"v":[[181.625,-494],[190,-494.75]],"c":false},"ix":2},"nm":"路径 1","mn":"ADBE Vector Shape - Group","hd":false},{"ty":"st","c":{"a":0,"k":[0.654901960784,0.862745098039,1,1],"ix":3},"o":{"a":0,"k":100,"ix":4},"w":{"a":0,"k":4,"ix":5},"lc":2,"lj":1,"ml":4,"ml2":{"a":0,"k":4,"ix":8},"nm":"描边 1","mn":"ADBE Vector Graphic - Stroke","hd":false},{"ty":"gf","o":{"a":0,"k":100,"ix":10},"r":1,"g":{"p":2,"k":{"a":0,"k":[0,1,1,1,1,0,0,0],"ix":9}},"s":{"a":0,"k":[0,0],"ix":5},"e":{"a":0,"k":[100,0],"ix":6},"t":1,"nm":"渐变填充 1","mn":"ADBE Vector Graphic - G-Fill","hd":true},{"ty":"tr","p":{"a":0,"k":[-0.83,12.295],"ix":2},"a":{"a":0,"k":[0,0],"ix":1},"s":{"a":0,"k":[100,100],"ix":3},"r":{"a":0,"k":0,"ix":6},"o":{"a":0,"k":100,"ix":7},"sk":{"a":0,"k":0,"ix":4},"sa":{"a":0,"k":0,"ix":5},"nm":"变换"}],"nm":"形状 2","np":3,"cix":2,"ix":5,"mn":"ADBE Vector Group","hd":false},{"ty":"gr","it":[{"ind":0,"ty":"sh","ix":1,"ks":{"a":0,"k":{"i":[[0,0],[0,0]],"o":[[0,0],[0,0]],"v":[[181,-496.5],[190.875,-493.625]],"c":false},"ix":2},"nm":"路径 1","mn":"ADBE Vector Shape - Group","hd":false},{"ty":"st","c":{"a":0,"k":[0.654901960784,0.862745098039,1,1],"ix":3},"o":{"a":0,"k":100,"ix":4},"w":{"a":0,"k":4,"ix":5},"lc":2,"lj":1,"ml":4,"ml2":{"a":0,"k":4,"ix":8},"nm":"描边 1","mn":"ADBE Vector Graphic - Stroke","hd":false},{"ty":"gf","o":{"a":0,"k":100,"ix":10},"r":1,"g":{"p":2,"k":{"a":0,"k":[0,1,1,1,1,0,0,0],"ix":9}},"s":{"a":0,"k":[0,0],"ix":5},"e":{"a":0,"k":[100,0],"ix":6},"t":1,"nm":"渐变填充 1","mn":"ADBE Vector Graphic - G-Fill","hd":true},{"ty":"tr","p":{"a":0,"k":[0,0],"ix":2},"a":{"a":0,"k":[0,0],"ix":1},"s":{"a":0,"k":[100,100],"ix":3},"r":{"a":0,"k":0,"ix":6},"o":{"a":0,"k":100,"ix":7},"sk":{"a":0,"k":0,"ix":4},"sa":{"a":0,"k":0,"ix":5},"nm":"变换"}],"nm":"形状 1","np":3,"cix":2,"ix":6,"mn":"ADBE Vector Group","hd":false},{"ty":"tm","s":{"a":1,"k":[{"i":{"x":[0.667],"y":[1]},"o":{"x":[0.167],"y":[0.167]},"n":["0p667_1_0p167_0p167"],"t":48,"s":[100],"e":[0]},{"t":56}],"ix":1},"e":{"a":1,"k":[{"i":{"x":[0.667],"y":[1]},"o":{"x":[0.167],"y":[0.167]},"n":["0p667_1_0p167_0p167"],"t":56,"s":[100],"e":[0]},{"t":63}],"ix":2},"o":{"a":0,"k":0,"ix":3},"m":1,"ix":7,"nm":"修剪路径 1","mn":"ADBE Vector Filter - Trim","hd":false}],"ip":47,"op":64,"st":34,"bm":0},{"ddd":0,"ind":26,"ty":4,"nm":"satelite_wave2","parent":34,"sr":1,"ks":{"o":{"a":0,"k":100,"ix":11},"r":{"a":0,"k":0,"ix":10},"p":{"a":0,"k":[-172,763,0],"ix":2},"a":{"a":0,"k":[0,0,0],"ix":1},"s":{"a":0,"k":[100,100,100],"ix":6}},"ao":0,"shapes":[{"ty":"gr","it":[{"ind":0,"ty":"sh","ix":1,"ks":{"a":0,"k":{"i":[[0,0],[0,0]],"o":[[0,0],[0,0]],"v":[[231.438,-452.188],[233.688,-444.062]],"c":false},"ix":2},"nm":"路径 1","mn":"ADBE Vector Shape - Group","hd":false},{"ty":"st","c":{"a":0,"k":[0.654901960784,0.862745098039,1,1],"ix":3},"o":{"a":0,"k":100,"ix":4},"w":{"a":0,"k":4,"ix":5},"lc":2,"lj":1,"ml":4,"ml2":{"a":0,"k":4,"ix":8},"nm":"描边 1","mn":"ADBE Vector Graphic - Stroke","hd":false},{"ty":"fl","c":{"a":0,"k":[1,0,0,1],"ix":4},"o":{"a":0,"k":100,"ix":5},"r":1,"nm":"填充 1","mn":"ADBE Vector Graphic - Fill","hd":true},{"ty":"tr","p":{"a":0,"k":[0,0],"ix":2},"a":{"a":0,"k":[0,0],"ix":1},"s":{"a":0,"k":[100,100],"ix":3},"r":{"a":0,"k":0,"ix":6},"o":{"a":0,"k":100,"ix":7},"sk":{"a":0,"k":0,"ix":4},"sa":{"a":0,"k":0,"ix":5},"nm":"变换"}],"nm":"形状 1","np":3,"cix":2,"ix":1,"mn":"ADBE Vector Group","hd":false},{"ty":"tm","s":{"a":1,"k":[{"i":{"x":[0.667],"y":[1]},"o":{"x":[0.167],"y":[0.167]},"n":["0p667_1_0p167_0p167"],"t":21,"s":[0],"e":[100]},{"t":29}],"ix":1},"e":{"a":1,"k":[{"i":{"x":[0.667],"y":[1]},"o":{"x":[0.167],"y":[0.167]},"n":["0p667_1_0p167_0p167"],"t":14,"s":[0],"e":[100]},{"t":21}],"ix":2},"o":{"a":0,"k":0,"ix":3},"m":1,"ix":2,"nm":"修剪路径 1","mn":"ADBE Vector Filter - Trim","hd":false}],"ip":13,"op":30,"st":0,"bm":0},{"ddd":0,"ind":27,"ty":4,"nm":"satelite_wave1","parent":34,"sr":1,"ks":{"o":{"a":0,"k":100,"ix":11},"r":{"a":0,"k":0,"ix":10},"p":{"a":0,"k":[-172,763,0],"ix":2},"a":{"a":0,"k":[0,0,0],"ix":1},"s":{"a":0,"k":[100,100,100],"ix":6}},"ao":0,"shapes":[{"ty":"gr","it":[{"ind":0,"ty":"sh","ix":1,"ks":{"a":0,"k":{"i":[[0,0],[0,0]],"o":[[0,0],[0,0]],"v":[[220.375,-469.005],[220.5,-476.518]],"c":false},"ix":2},"nm":"路径 1","mn":"ADBE Vector Shape - Group","hd":false},{"ty":"st","c":{"a":0,"k":[0.654901960784,0.862745098039,1,1],"ix":3},"o":{"a":0,"k":100,"ix":4},"w":{"a":0,"k":4,"ix":5},"lc":2,"lj":1,"ml":4,"ml2":{"a":0,"k":4,"ix":8},"nm":"描边 1","mn":"ADBE Vector Graphic - Stroke","hd":false},{"ty":"gf","o":{"a":0,"k":100,"ix":10},"r":1,"g":{"p":2,"k":{"a":0,"k":[0,1,1,1,1,0,0,0],"ix":9}},"s":{"a":0,"k":[0,0],"ix":5},"e":{"a":0,"k":[100,0],"ix":6},"t":1,"nm":"渐变填充 1","mn":"ADBE Vector Graphic - G-Fill","hd":true},{"ty":"tr","p":{"a":0,"k":[-0.83,12.545],"ix":2},"a":{"a":0,"k":[0,0],"ix":1},"s":{"a":0,"k":[100,97.466],"ix":3},"r":{"a":0,"k":0,"ix":6},"o":{"a":0,"k":100,"ix":7},"sk":{"a":0,"k":0,"ix":4},"sa":{"a":0,"k":0,"ix":5},"nm":"变换"}],"nm":"形状 6","np":3,"cix":2,"ix":1,"mn":"ADBE Vector Group","hd":false},{"ty":"gr","it":[{"ind":0,"ty":"sh","ix":1,"ks":{"a":0,"k":{"i":[[0,0],[0,0]],"o":[[0,0],[0,0]],"v":[[205.875,-460.5],[209.125,-467.5]],"c":false},"ix":2},"nm":"路径 1","mn":"ADBE Vector Shape - Group","hd":false},{"ty":"st","c":{"a":0,"k":[0.654901960784,0.862745098039,1,1],"ix":3},"o":{"a":0,"k":100,"ix":4},"w":{"a":0,"k":4,"ix":5},"lc":2,"lj":1,"ml":4,"ml2":{"a":0,"k":4,"ix":8},"nm":"描边 1","mn":"ADBE Vector Graphic - Stroke","hd":false},{"ty":"gf","o":{"a":0,"k":100,"ix":10},"r":1,"g":{"p":2,"k":{"a":0,"k":[0,1,1,1,1,0,0,0],"ix":9}},"s":{"a":0,"k":[0,0],"ix":5},"e":{"a":0,"k":[100,0],"ix":6},"t":1,"nm":"渐变填充 1","mn":"ADBE Vector Graphic - G-Fill","hd":true},{"ty":"tr","p":{"a":0,"k":[-0.83,12.295],"ix":2},"a":{"a":0,"k":[0,0],"ix":1},"s":{"a":0,"k":[100,100],"ix":3},"r":{"a":0,"k":0,"ix":6},"o":{"a":0,"k":100,"ix":7},"sk":{"a":0,"k":0,"ix":4},"sa":{"a":0,"k":0,"ix":5},"nm":"变换"}],"nm":"形状 5","np":3,"cix":2,"ix":2,"mn":"ADBE Vector Group","hd":false},{"ty":"gr","it":[{"ind":0,"ty":"sh","ix":1,"ks":{"a":0,"k":{"i":[[0,0],[0,0]],"o":[[0,0],[0,0]],"v":[[194.875,-468.25],[200,-474.25]],"c":false},"ix":2},"nm":"路径 1","mn":"ADBE Vector Shape - Group","hd":false},{"ty":"st","c":{"a":0,"k":[0.654901960784,0.862745098039,1,1],"ix":3},"o":{"a":0,"k":100,"ix":4},"w":{"a":0,"k":4,"ix":5},"lc":2,"lj":1,"ml":4,"ml2":{"a":0,"k":4,"ix":8},"nm":"描边 1","mn":"ADBE Vector Graphic - Stroke","hd":false},{"ty":"gf","o":{"a":0,"k":100,"ix":10},"r":1,"g":{"p":2,"k":{"a":0,"k":[0,1,1,1,1,0,0,0],"ix":9}},"s":{"a":0,"k":[0,0],"ix":5},"e":{"a":0,"k":[100,0],"ix":6},"t":1,"nm":"渐变填充 1","mn":"ADBE Vector Graphic - G-Fill","hd":true},{"ty":"tr","p":{"a":0,"k":[-0.83,12.295],"ix":2},"a":{"a":0,"k":[0,0],"ix":1},"s":{"a":0,"k":[100,100],"ix":3},"r":{"a":0,"k":0,"ix":6},"o":{"a":0,"k":100,"ix":7},"sk":{"a":0,"k":0,"ix":4},"sa":{"a":0,"k":0,"ix":5},"nm":"变换"}],"nm":"形状 4","np":3,"cix":2,"ix":3,"mn":"ADBE Vector Group","hd":false},{"ty":"gr","it":[{"ind":0,"ty":"sh","ix":1,"ks":{"a":0,"k":{"i":[[0,0],[0,0]],"o":[[0,0],[0,0]],"v":[[185.625,-480.5],[192.625,-484]],"c":false},"ix":2},"nm":"路径 1","mn":"ADBE Vector Shape - Group","hd":false},{"ty":"st","c":{"a":0,"k":[0.654901960784,0.862745098039,1,1],"ix":3},"o":{"a":0,"k":100,"ix":4},"w":{"a":0,"k":4,"ix":5},"lc":2,"lj":1,"ml":4,"ml2":{"a":0,"k":4,"ix":8},"nm":"描边 1","mn":"ADBE Vector Graphic - Stroke","hd":false},{"ty":"gf","o":{"a":0,"k":100,"ix":10},"r":1,"g":{"p":2,"k":{"a":0,"k":[0,1,1,1,1,0,0,0],"ix":9}},"s":{"a":0,"k":[0,0],"ix":5},"e":{"a":0,"k":[100,0],"ix":6},"t":1,"nm":"渐变填充 1","mn":"ADBE Vector Graphic - G-Fill","hd":true},{"ty":"tr","p":{"a":0,"k":[-0.83,12.295],"ix":2},"a":{"a":0,"k":[0,0],"ix":1},"s":{"a":0,"k":[100,100],"ix":3},"r":{"a":0,"k":0,"ix":6},"o":{"a":0,"k":100,"ix":7},"sk":{"a":0,"k":0,"ix":4},"sa":{"a":0,"k":0,"ix":5},"nm":"变换"}],"nm":"形状 3","np":3,"cix":2,"ix":4,"mn":"ADBE Vector Group","hd":false},{"ty":"gr","it":[{"ind":0,"ty":"sh","ix":1,"ks":{"a":0,"k":{"i":[[0,0],[0,0]],"o":[[0,0],[0,0]],"v":[[181.625,-494],[190,-494.75]],"c":false},"ix":2},"nm":"路径 1","mn":"ADBE Vector Shape - Group","hd":false},{"ty":"st","c":{"a":0,"k":[0.654901960784,0.862745098039,1,1],"ix":3},"o":{"a":0,"k":100,"ix":4},"w":{"a":0,"k":4,"ix":5},"lc":2,"lj":1,"ml":4,"ml2":{"a":0,"k":4,"ix":8},"nm":"描边 1","mn":"ADBE Vector Graphic - Stroke","hd":false},{"ty":"gf","o":{"a":0,"k":100,"ix":10},"r":1,"g":{"p":2,"k":{"a":0,"k":[0,1,1,1,1,0,0,0],"ix":9}},"s":{"a":0,"k":[0,0],"ix":5},"e":{"a":0,"k":[100,0],"ix":6},"t":1,"nm":"渐变填充 1","mn":"ADBE Vector Graphic - G-Fill","hd":true},{"ty":"tr","p":{"a":0,"k":[-0.83,12.295],"ix":2},"a":{"a":0,"k":[0,0],"ix":1},"s":{"a":0,"k":[100,100],"ix":3},"r":{"a":0,"k":0,"ix":6},"o":{"a":0,"k":100,"ix":7},"sk":{"a":0,"k":0,"ix":4},"sa":{"a":0,"k":0,"ix":5},"nm":"变换"}],"nm":"形状 2","np":3,"cix":2,"ix":5,"mn":"ADBE Vector Group","hd":false},{"ty":"gr","it":[{"ind":0,"ty":"sh","ix":1,"ks":{"a":0,"k":{"i":[[0,0],[0,0]],"o":[[0,0],[0,0]],"v":[[181,-496.5],[190.875,-493.625]],"c":false},"ix":2},"nm":"路径 1","mn":"ADBE Vector Shape - Group","hd":false},{"ty":"st","c":{"a":0,"k":[0.654901960784,0.862745098039,1,1],"ix":3},"o":{"a":0,"k":100,"ix":4},"w":{"a":0,"k":4,"ix":5},"lc":2,"lj":1,"ml":4,"ml2":{"a":0,"k":4,"ix":8},"nm":"描边 1","mn":"ADBE Vector Graphic - Stroke","hd":false},{"ty":"gf","o":{"a":0,"k":100,"ix":10},"r":1,"g":{"p":2,"k":{"a":0,"k":[0,1,1,1,1,0,0,0],"ix":9}},"s":{"a":0,"k":[0,0],"ix":5},"e":{"a":0,"k":[100,0],"ix":6},"t":1,"nm":"渐变填充 1","mn":"ADBE Vector Graphic - G-Fill","hd":true},{"ty":"tr","p":{"a":0,"k":[0,0],"ix":2},"a":{"a":0,"k":[0,0],"ix":1},"s":{"a":0,"k":[100,100],"ix":3},"r":{"a":0,"k":0,"ix":6},"o":{"a":0,"k":100,"ix":7},"sk":{"a":0,"k":0,"ix":4},"sa":{"a":0,"k":0,"ix":5},"nm":"变换"}],"nm":"形状 1","np":3,"cix":2,"ix":6,"mn":"ADBE Vector Group","hd":false},{"ty":"tm","s":{"a":1,"k":[{"i":{"x":[0.667],"y":[1]},"o":{"x":[0.167],"y":[0.167]},"n":["0p667_1_0p167_0p167"],"t":14,"s":[100],"e":[0]},{"t":21}],"ix":1},"e":{"a":1,"k":[{"i":{"x":[0.667],"y":[1]},"o":{"x":[0.167],"y":[0.167]},"n":["0p667_1_0p167_0p167"],"t":21,"s":[100],"e":[0]},{"t":29}],"ix":2},"o":{"a":0,"k":0,"ix":3},"m":1,"ix":7,"nm":"修剪路径 1","mn":"ADBE Vector Filter - Trim","hd":false}],"ip":13,"op":30,"st":0,"bm":0},{"ddd":0,"ind":28,"ty":2,"nm":"radar_wave1.png","cl":"png","parent":31,"refId":"image_12","sr":1,"ks":{"o":{"a":1,"k":[{"i":{"x":[0.833],"y":[0.833]},"o":{"x":[0.167],"y":[0.167]},"n":["0p833_0p833_0p167_0p167"],"t":0,"s":[0],"e":[100]},{"i":{"x":[0.833],"y":[0.833]},"o":{"x":[0.167],"y":[0.167]},"n":["0p833_0p833_0p167_0p167"],"t":2,"s":[100],"e":[100]},{"i":{"x":[0.833],"y":[0.833]},"o":{"x":[0.167],"y":[0.167]},"n":["0p833_0p833_0p167_0p167"],"t":18,"s":[100],"e":[1]},{"i":{"x":[0.833],"y":[0.833]},"o":{"x":[0.167],"y":[0.167]},"n":["0p833_0p833_0p167_0p167"],"t":20,"s":[1],"e":[0]},{"i":{"x":[0.833],"y":[0.833]},"o":{"x":[0.167],"y":[0.167]},"n":["0p833_0p833_0p167_0p167"],"t":24,"s":[0],"e":[100]},{"i":{"x":[0.833],"y":[0.833]},"o":{"x":[0.167],"y":[0.167]},"n":["0p833_0p833_0p167_0p167"],"t":26,"s":[100],"e":[100]},{"i":{"x":[0.833],"y":[0.833]},"o":{"x":[0.167],"y":[0.167]},"n":["0p833_0p833_0p167_0p167"],"t":42,"s":[100],"e":[1]},{"i":{"x":[0.833],"y":[0.833]},"o":{"x":[0.167],"y":[0.167]},"n":["0p833_0p833_0p167_0p167"],"t":44,"s":[1],"e":[0]},{"i":{"x":[0.833],"y":[0.833]},"o":{"x":[0.167],"y":[0.167]},"n":["0p833_0p833_0p167_0p167"],"t":48,"s":[0],"e":[100]},{"i":{"x":[0.833],"y":[0.833]},"o":{"x":[0.167],"y":[0.167]},"n":["0p833_0p833_0p167_0p167"],"t":50,"s":[100],"e":[100]},{"i":{"x":[0.833],"y":[0.833]},"o":{"x":[0.167],"y":[0.167]},"n":["0p833_0p833_0p167_0p167"],"t":66,"s":[100],"e":[1]},{"i":{"x":[0.833],"y":[0.833]},"o":{"x":[0.167],"y":[0.167]},"n":["0p833_0p833_0p167_0p167"],"t":68,"s":[1],"e":[0]},{"i":{"x":[0.833],"y":[0.833]},"o":{"x":[0.167],"y":[0.167]},"n":["0p833_0p833_0p167_0p167"],"t":72,"s":[0],"e":[100]},{"i":{"x":[0.833],"y":[0.833]},"o":{"x":[0.167],"y":[0.167]},"n":["0p833_0p833_0p167_0p167"],"t":74,"s":[100],"e":[100]},{"i":{"x":[0.833],"y":[0.833]},"o":{"x":[0.167],"y":[0.167]},"n":["0p833_0p833_0p167_0p167"],"t":90,"s":[100],"e":[1]},{"t":92}],"ix":11},"r":{"a":0,"k":0,"ix":10},"p":{"a":0,"k":[286,4.5,0],"ix":2},"a":{"a":0,"k":[60,60,0],"ix":1},"s":{"a":0,"k":[100,100,100],"ix":6}},"ao":0,"ip":0,"op":375,"st":0,"bm":0},{"ddd":0,"ind":29,"ty":2,"nm":"radar_wave2.png","cl":"png","parent":31,"refId":"image_13","sr":1,"ks":{"o":{"a":1,"k":[{"i":{"x":[0.833],"y":[0.833]},"o":{"x":[0.167],"y":[0.167]},"n":["0p833_0p833_0p167_0p167"],"t":6,"s":[0],"e":[100]},{"i":{"x":[0.833],"y":[0.833]},"o":{"x":[0.167],"y":[0.167]},"n":["0p833_0p833_0p167_0p167"],"t":8,"s":[100],"e":[100]},{"i":{"x":[0.833],"y":[0.833]},"o":{"x":[0.167],"y":[0.167]},"n":["0p833_0p833_0p167_0p167"],"t":18,"s":[100],"e":[1]},{"i":{"x":[0.833],"y":[0.833]},"o":{"x":[0.167],"y":[0.167]},"n":["0p833_0p833_0p167_0p167"],"t":20,"s":[1],"e":[0]},{"i":{"x":[0.833],"y":[0.833]},"o":{"x":[0.167],"y":[0.167]},"n":["0p833_0p833_0p167_0p167"],"t":30,"s":[0],"e":[100]},{"i":{"x":[0.833],"y":[0.833]},"o":{"x":[0.167],"y":[0.167]},"n":["0p833_0p833_0p167_0p167"],"t":32,"s":[100],"e":[100]},{"i":{"x":[0.833],"y":[0.833]},"o":{"x":[0.167],"y":[0.167]},"n":["0p833_0p833_0p167_0p167"],"t":42,"s":[100],"e":[1]},{"i":{"x":[0.833],"y":[0.833]},"o":{"x":[0.167],"y":[0.167]},"n":["0p833_0p833_0p167_0p167"],"t":44,"s":[1],"e":[0]},{"i":{"x":[0.833],"y":[0.833]},"o":{"x":[0.167],"y":[0.167]},"n":["0p833_0p833_0p167_0p167"],"t":54,"s":[0],"e":[100]},{"i":{"x":[0.833],"y":[0.833]},"o":{"x":[0.167],"y":[0.167]},"n":["0p833_0p833_0p167_0p167"],"t":56,"s":[100],"e":[100]},{"i":{"x":[0.833],"y":[0.833]},"o":{"x":[0.167],"y":[0.167]},"n":["0p833_0p833_0p167_0p167"],"t":66,"s":[100],"e":[1]},{"i":{"x":[0.833],"y":[0.833]},"o":{"x":[0.167],"y":[0.167]},"n":["0p833_0p833_0p167_0p167"],"t":68,"s":[1],"e":[0]},{"i":{"x":[0.833],"y":[0.833]},"o":{"x":[0.167],"y":[0.167]},"n":["0p833_0p833_0p167_0p167"],"t":78,"s":[0],"e":[100]},{"i":{"x":[0.833],"y":[0.833]},"o":{"x":[0.167],"y":[0.167]},"n":["0p833_0p833_0p167_0p167"],"t":80,"s":[100],"e":[100]},{"i":{"x":[0.833],"y":[0.833]},"o":{"x":[0.167],"y":[0.167]},"n":["0p833_0p833_0p167_0p167"],"t":90,"s":[100],"e":[1]},{"t":92}],"ix":11},"r":{"a":0,"k":0,"ix":10},"p":{"a":0,"k":[286,4.5,0],"ix":2},"a":{"a":0,"k":[60,60,0],"ix":1},"s":{"a":0,"k":[100,100,100],"ix":6}},"ao":0,"ip":0,"op":375,"st":0,"bm":0},{"ddd":0,"ind":30,"ty":2,"nm":"radar_wave3.png","cl":"png","parent":31,"refId":"image_14","sr":1,"ks":{"o":{"a":1,"k":[{"i":{"x":[0.833],"y":[0.833]},"o":{"x":[0.167],"y":[0.167]},"n":["0p833_0p833_0p167_0p167"],"t":12,"s":[0],"e":[100]},{"i":{"x":[0.833],"y":[0.833]},"o":{"x":[0.167],"y":[0.167]},"n":["0p833_0p833_0p167_0p167"],"t":14,"s":[100],"e":[100]},{"i":{"x":[0.833],"y":[0.833]},"o":{"x":[0.167],"y":[0.167]},"n":["0p833_0p833_0p167_0p167"],"t":18,"s":[100],"e":[1]},{"i":{"x":[0.833],"y":[0.833]},"o":{"x":[0.167],"y":[0.167]},"n":["0p833_0p833_0p167_0p167"],"t":20,"s":[1],"e":[0]},{"i":{"x":[0.833],"y":[0.833]},"o":{"x":[0.167],"y":[0.167]},"n":["0p833_0p833_0p167_0p167"],"t":36,"s":[0],"e":[100]},{"i":{"x":[0.833],"y":[0.833]},"o":{"x":[0.167],"y":[0.167]},"n":["0p833_0p833_0p167_0p167"],"t":38,"s":[100],"e":[100]},{"i":{"x":[0.833],"y":[0.833]},"o":{"x":[0.167],"y":[0.167]},"n":["0p833_0p833_0p167_0p167"],"t":42,"s":[100],"e":[1]},{"i":{"x":[0.833],"y":[0.833]},"o":{"x":[0.167],"y":[0.167]},"n":["0p833_0p833_0p167_0p167"],"t":44,"s":[1],"e":[0]},{"i":{"x":[0.833],"y":[0.833]},"o":{"x":[0.167],"y":[0.167]},"n":["0p833_0p833_0p167_0p167"],"t":60,"s":[0],"e":[100]},{"i":{"x":[0.833],"y":[0.833]},"o":{"x":[0.167],"y":[0.167]},"n":["0p833_0p833_0p167_0p167"],"t":62,"s":[100],"e":[100]},{"i":{"x":[0.833],"y":[0.833]},"o":{"x":[0.167],"y":[0.167]},"n":["0p833_0p833_0p167_0p167"],"t":66,"s":[100],"e":[1]},{"i":{"x":[0.833],"y":[0.833]},"o":{"x":[0.167],"y":[0.167]},"n":["0p833_0p833_0p167_0p167"],"t":68,"s":[1],"e":[0]},{"i":{"x":[0.833],"y":[0.833]},"o":{"x":[0.167],"y":[0.167]},"n":["0p833_0p833_0p167_0p167"],"t":84,"s":[0],"e":[100]},{"i":{"x":[0.833],"y":[0.833]},"o":{"x":[0.167],"y":[0.167]},"n":["0p833_0p833_0p167_0p167"],"t":86,"s":[100],"e":[100]},{"i":{"x":[0.833],"y":[0.833]},"o":{"x":[0.167],"y":[0.167]},"n":["0p833_0p833_0p167_0p167"],"t":90,"s":[100],"e":[1]},{"t":92}],"ix":11},"r":{"a":0,"k":0,"ix":10},"p":{"a":0,"k":[286,4.5,0],"ix":2},"a":{"a":0,"k":[60,60,0],"ix":1},"s":{"a":0,"k":[100,100,100],"ix":6}},"ao":0,"ip":0,"op":375,"st":0,"bm":0},{"ddd":0,"ind":31,"ty":2,"nm":"radar.png","cl":"png","parent":37,"refId":"image_15","sr":1,"ks":{"o":{"a":1,"k":[{"i":{"x":[0.833],"y":[0.833]},"o":{"x":[0.333],"y":[0]},"n":["0p833_0p833_0p333_0"],"t":97,"s":[100],"e":[0]},{"i":{"x":[0.833],"y":[1]},"o":{"x":[0.333],"y":[0]},"n":["0p833_1_0p333_0"],"t":101,"s":[0],"e":[0]},{"i":{"x":[0.833],"y":[1]},"o":{"x":[0.333],"y":[0]},"n":["0p833_1_0p333_0"],"t":183,"s":[0],"e":[0]},{"t":190}],"ix":11},"r":{"a":0,"k":0,"ix":10},"p":{"a":1,"k":[{"i":{"x":0.833,"y":0.833},"o":{"x":0.333,"y":0},"n":"0p833_0p833_0p333_0","t":98,"s":[389,-18.378,0],"e":[187,217.622,0],"to":[0,0,0],"ti":[40.6666679382324,-196.66667175293,0]},{"t":108}],"ix":2},"a":{"a":0,"k":[164,184,0],"ix":1},"s":{"a":0,"k":[100,100,100],"ix":6}},"ao":0,"ef":[{"ty":34,"nm":"操控","np":6,"mn":"ADBE FreePin3","ix":1,"en":1,"ef":[{"ty":7,"nm":"人偶引擎","mn":"ADBE FreePin3 Puppet Engine","ix":1,"v":{"a":0,"k":1,"ix":1}},{"ty":0,"nm":"网格旋转调整","mn":"ADBE FreePin3 Auto Rotate Pins","ix":2,"v":{"a":0,"k":20,"ix":2}},{"ty":7,"nm":"在透明背景上","mn":"ADBE FreePin3 On Transparent","ix":3,"v":{"a":0,"k":0,"ix":3}},{"ty":25,"nm":"arap","np":3,"mn":"ADBE FreePin3 ARAP Group","ix":4,"en":1,"ef":[{"ty":6,"nm":"自动追踪形状","mn":"ADBE FreePin3 Outlines","ix":1,"v":0},{"ty":1,"nm":"网格","np":2,"mn":"ADBE FreePin3 Mesh Group","ix":2,"en":1,"ef":[{"nm":"网格 1","np":8,"mn":"ADBE FreePin3 Mesh Atom","ix":1,"en":1,"ef":[{"ty":6,"nm":"网格","mn":"ADBE FreePin3 Mesh","ix":1,"v":0},{"ty":0,"nm":"三角形","mn":"ADBE FreePin3 Mesh Tri Count","ix":2,"v":{"a":0,"k":350,"ix":2}},{"ty":0,"nm":"密度","mn":"ADBE FreePin3 Mesh Tri Density","ix":3,"v":{"a":0,"k":10,"ix":3}},{"ty":0,"nm":"扩展","mn":"ADBE FreePin3 Mesh Expansion","ix":4,"v":{"a":0,"k":3,"ix":4}},{"nm":"变形","np":4,"mn":"ADBE FreePin3 PosPins","ix":5,"en":1,"ef":[{"nm":"操控点 3","np":7,"mn":"ADBE FreePin3 PosPin Atom","ix":1,"en":1,"ef":[{"ty":3,"nm":"顶点位移","mn":"ADBE FreePin3 PosPin Vtx Offset","ix":1,"v":{"a":0,"k":[-4.614,-2.174],"ix":1}},{"ty":0,"nm":"顶点索引","mn":"ADBE FreePin3 PosPin Vtx Index","ix":2,"v":{"a":0,"k":149,"ix":2}},{"ty":7,"nm":"固定类型","mn":"ADBE FreePin3 PosPin Type","ix":3,"v":{"a":0,"k":1,"ix":3}},{"ty":3,"nm":"位置","mn":"ADBE FreePin3 PosPin Position","ix":4,"v":{"a":0,"k":[81,331],"ix":4}},{"ty":0,"nm":"缩放","mn":"ADBE FreePin3 PosPin Scale","ix":5,"v":{"a":0,"k":100,"ix":5}},{"ty":0,"nm":"旋转","mn":"ADBE FreePin3 PosPin Rotation","ix":6,"v":{"a":0,"k":0,"ix":6}}]},{"nm":"操控点 2","np":7,"mn":"ADBE FreePin3 PosPin Atom","ix":2,"en":1,"ef":[{"ty":3,"nm":"顶点位移","mn":"ADBE FreePin3 PosPin Vtx Offset","ix":1,"v":{"a":0,"k":[-0.456,1.007],"ix":1}},{"ty":0,"nm":"顶点索引","mn":"ADBE FreePin3 PosPin Vtx Index","ix":2,"v":{"a":0,"k":107,"ix":2}},{"ty":7,"nm":"固定类型","mn":"ADBE FreePin3 PosPin Type","ix":3,"v":{"a":0,"k":1,"ix":3}},{"ty":3,"nm":"位置","mn":"ADBE FreePin3 PosPin Position","ix":4,"v":{"a":1,"k":[{"i":{"x":0,"y":0},"o":{"x":0,"y":0},"n":"0_0_0_0","t":0,"s":[221,63],"e":[225,69],"to":[0.66666668653488,1],"ti":[0,0]},{"i":{"x":0,"y":0},"o":{"x":0,"y":0},"n":"0_0_0_0","t":0,"s":[225,69],"e":[221,63],"to":[0,0],"ti":[0.66666668653488,1]},{"t":null}],"ix":4,"x":"var $bm_rt;\n$bm_rt = loopOut('cycle', 0);"}},{"ty":0,"nm":"缩放","mn":"ADBE FreePin3 PosPin Scale","ix":5,"v":{"a":0,"k":100,"ix":5}},{"ty":0,"nm":"旋转","mn":"ADBE FreePin3 PosPin Rotation","ix":6,"v":{"a":0,"k":0,"ix":6}}]},{"nm":"操控点 1","np":7,"mn":"ADBE FreePin3 PosPin Atom","ix":3,"en":1,"ef":[{"ty":3,"nm":"顶点位移","mn":"ADBE FreePin3 PosPin Vtx Offset","ix":1,"v":{"a":0,"k":[-2.142,-4.291],"ix":1}},{"ty":0,"nm":"顶点索引","mn":"ADBE FreePin3 PosPin Vtx Index","ix":2,"v":{"a":0,"k":109,"ix":2}},{"ty":7,"nm":"固定类型","mn":"ADBE FreePin3 PosPin Type","ix":3,"v":{"a":0,"k":1,"ix":3}},{"ty":3,"nm":"位置","mn":"ADBE FreePin3 PosPin Position","ix":4,"v":{"a":0,"k":[81,223],"ix":4}},{"ty":0,"nm":"缩放","mn":"ADBE FreePin3 PosPin Scale","ix":5,"v":{"a":0,"k":100,"ix":5}},{"ty":0,"nm":"旋转","mn":"ADBE FreePin3 PosPin Rotation","ix":6,"v":{"a":0,"k":0,"ix":6}}]}]},{"nm":"重叠","np":1,"mn":"ADBE FreePin3 HghtPins","ix":6,"en":1,"ef":[]},{"nm":"硬度","np":1,"mn":"ADBE FreePin3 StarchPins","ix":7,"en":1,"ef":[]}]}]}]}]}],"ip":0,"op":375,"st":0,"bm":0},{"ddd":0,"ind":32,"ty":2,"nm":"planet_middle","parent":37,"refId":"image_16","sr":1,"ks":{"o":{"a":1,"k":[{"i":{"x":[0.833],"y":[0.833]},"o":{"x":[0.333],"y":[0]},"n":["0p833_0p833_0p333_0"],"t":183,"s":[100],"e":[0]},{"t":190}],"ix":11},"r":{"a":0,"k":0,"ix":10},"p":{"a":1,"k":[{"i":{"x":0.833,"y":0.833},"o":{"x":0.167,"y":0.167},"n":"0p833_0p833_0p167_0p167","t":9,"s":[804,-196.378,0],"e":[804,-188.628,0],"to":[0,1.29166662693024,0],"ti":[0,0,0]},{"i":{"x":0.833,"y":0.833},"o":{"x":0.167,"y":0.167},"n":"0p833_0p833_0p167_0p167","t":30,"s":[804,-188.628,0],"e":[804,-196.378,0],"to":[0,0,0],"ti":[0,1.29166662693024,0]},{"t":52}],"ix":2,"x":"var $bm_rt;\n$bm_rt = loopOut('cycle', 0);"},"a":{"a":0,"k":[33,33,0],"ix":1},"s":{"a":0,"k":[100,100,100],"ix":6}},"ao":0,"ip":0,"op":375,"st":0,"bm":0},{"ddd":0,"ind":33,"ty":2,"nm":"planet_top","parent":37,"refId":"image_17","sr":1,"ks":{"o":{"a":1,"k":[{"i":{"x":[0.833],"y":[0.833]},"o":{"x":[0.333],"y":[0]},"n":["0p833_0p833_0p333_0"],"t":183,"s":[100],"e":[0]},{"t":190}],"ix":11},"r":{"a":0,"k":0,"ix":10},"p":{"a":1,"k":[{"i":{"x":0.833,"y":0.833},"o":{"x":0.167,"y":0.167},"n":"0p833_0p833_0p167_0p167","t":15,"s":[272,-608.378,0],"e":[272,-592.878,0],"to":[0,2.58333325386047,0],"ti":[0,0,0]},{"i":{"x":0.833,"y":0.833},"o":{"x":0.167,"y":0.167},"n":"0p833_0p833_0p167_0p167","t":36,"s":[272,-592.878,0],"e":[272,-608.378,0],"to":[0,0,0],"ti":[0,2.58333325386047,0]},{"t":58}],"ix":2,"x":"var $bm_rt;\n$bm_rt = loopOut('cycle', 0);"},"a":{"a":0,"k":[64,64,0],"ix":1},"s":{"a":0,"k":[100,100,100],"ix":6}},"ao":0,"ip":0,"op":375,"st":0,"bm":0},{"ddd":0,"ind":34,"ty":2,"nm":"satellite.png","cl":"png","parent":37,"refId":"image_18","sr":1,"ks":{"o":{"a":1,"k":[{"i":{"x":[0.833],"y":[0.833]},"o":{"x":[0.333],"y":[0]},"n":["0p833_0p833_0p333_0"],"t":304,"s":[100],"e":[0]},{"t":311}],"ix":11},"r":{"a":0,"k":0,"ix":10},"p":{"a":1,"k":[{"i":{"x":0.833,"y":0.833},"o":{"x":0.167,"y":0.167},"n":"0p833_0p833_0p167_0p167","t":0,"s":[834,-579.378,0],"e":[834,-572.378,0],"to":[0,1.16666662693024,0],"ti":[0,0,0]},{"i":{"x":0.833,"y":0.833},"o":{"x":0.167,"y":0.167},"n":"0p833_0p833_0p167_0p167","t":18,"s":[834,-572.378,0],"e":[834,-579.378,0],"to":[0,0,0],"ti":[0,1.16666662693024,0]},{"t":36}],"ix":2,"x":"var $bm_rt;\n$bm_rt = loopOut('cycle', 0);"},"a":{"a":0,"k":[164,164,0],"ix":1},"s":{"a":0,"k":[100,100,100],"ix":6}},"ao":0,"ip":0,"op":375,"st":0,"bm":0},{"ddd":0,"ind":35,"ty":0,"nm":"star_loop","parent":37,"refId":"comp_3","sr":1,"ks":{"o":{"a":1,"k":[{"i":{"x":[0.833],"y":[0.833]},"o":{"x":[0.333],"y":[0]},"n":["0p833_0p833_0p333_0"],"t":183,"s":[100],"e":[0]},{"t":190}],"ix":11},"r":{"a":0,"k":0,"ix":10},"p":{"a":0,"k":[482,-232.378,0],"ix":2},"a":{"a":0,"k":[415.5,306.5,0],"ix":1},"s":{"a":0,"k":[100,100,100],"ix":6}},"ao":0,"w":831,"h":613,"ip":0,"op":191,"st":0,"bm":0},{"ddd":0,"ind":36,"ty":2,"nm":"circle.png","cl":"png","parent":37,"refId":"image_19","sr":1,"ks":{"o":{"a":1,"k":[{"i":{"x":[0.833],"y":[0.833]},"o":{"x":[0.333],"y":[0]},"n":["0p833_0p833_0p333_0"],"t":183,"s":[100],"e":[0]},{"t":190}],"ix":11},"r":{"a":0,"k":0,"ix":10},"p":{"a":0,"k":[440,19.622,0],"ix":2},"a":{"a":0,"k":[600.5,960,0],"ix":1},"s":{"a":0,"k":[100,100,100],"ix":6}},"ao":0,"ip":0,"op":375,"st":0,"bm":0},{"ddd":0,"ind":37,"ty":2,"nm":"earth.png","cl":"png","refId":"image_20","sr":1,"ks":{"o":{"a":1,"k":[{"i":{"x":[0.833],"y":[0.833]},"o":{"x":[0.333],"y":[0]},"n":["0p833_0p833_0p333_0"],"t":183,"s":[100],"e":[0]},{"t":190}],"ix":11},"r":{"a":0,"k":0,"ix":10},"p":{"a":0,"k":[540,1430.378,0],"ix":2},"a":{"a":0,"k":[498,490,0],"ix":1},"s":{"a":1,"k":[{"i":{"x":[0.833,0.833,0.833],"y":[0.833,0.833,0.813]},"o":{"x":[0.333,0.333,0.333],"y":[0,0,0]},"n":["0p833_0p833_0p333_0","0p833_0p833_0p333_0","0p833_0p813_0p333_0"],"t":183,"s":[100,100,100],"e":[180,180,100]},{"t":190}],"ix":6}},"ao":0,"ip":0,"op":375,"st":0,"bm":0},{"ddd":0,"ind":38,"ty":2,"nm":"bg.jpg","cl":"jpg","refId":"image_21","sr":1,"ks":{"o":{"a":0,"k":100,"ix":11},"r":{"a":0,"k":0,"ix":10},"p":{"a":0,"k":[540,960,0],"ix":2},"a":{"a":0,"k":[540,960,0],"ix":1},"s":{"a":0,"k":[100,100,100],"ix":6}},"ao":0,"ip":0,"op":427,"st":0,"bm":0}],"markers":[{"tm":96,"cm":"1","dr":0}]}